-- MySQL dump 10.13  Distrib 8.0.25, for Linux (x86_64)
--
-- Host: localhost    Database: vk
-- ------------------------------------------------------
-- Server version	8.0.25-0ubuntu0.20.04.1

/*!40101 SET @OLD_CHARACTER_SET_CLIENT=@@CHARACTER_SET_CLIENT */;
/*!40101 SET @OLD_CHARACTER_SET_RESULTS=@@CHARACTER_SET_RESULTS */;
/*!40101 SET @OLD_COLLATION_CONNECTION=@@COLLATION_CONNECTION */;
/*!50503 SET NAMES utf8mb4 */;
/*!40103 SET @OLD_TIME_ZONE=@@TIME_ZONE */;
/*!40103 SET TIME_ZONE='+00:00' */;
/*!40014 SET @OLD_UNIQUE_CHECKS=@@UNIQUE_CHECKS, UNIQUE_CHECKS=0 */;
/*!40014 SET @OLD_FOREIGN_KEY_CHECKS=@@FOREIGN_KEY_CHECKS, FOREIGN_KEY_CHECKS=0 */;
/*!40101 SET @OLD_SQL_MODE=@@SQL_MODE, SQL_MODE='NO_AUTO_VALUE_ON_ZERO' */;
/*!40111 SET @OLD_SQL_NOTES=@@SQL_NOTES, SQL_NOTES=0 */;

--
-- Table structure for table `communities`
--

DROP TABLE IF EXISTS `communities`;
/*!40101 SET @saved_cs_client     = @@character_set_client */;
/*!50503 SET character_set_client = utf8mb4 */;
CREATE TABLE `communities` (
  `id` bigint unsigned NOT NULL AUTO_INCREMENT,
  `name` varchar(150) NOT NULL,
  `description` varchar(255) DEFAULT NULL,
  `admin_id` bigint unsigned NOT NULL,
  PRIMARY KEY (`id`),
  UNIQUE KEY `id` (`id`),
  KEY `admin_id` (`admin_id`),
  CONSTRAINT `communities_ibfk_1` FOREIGN KEY (`admin_id`) REFERENCES `users` (`id`)
) ENGINE=InnoDB AUTO_INCREMENT=101 DEFAULT CHARSET=utf8mb4 COLLATE=utf8mb4_0900_ai_ci;
/*!40101 SET character_set_client = @saved_cs_client */;

--
-- Dumping data for table `communities`
--

LOCK TABLES `communities` WRITE;
/*!40000 ALTER TABLE `communities` DISABLE KEYS */;
INSERT INTO `communities` VALUES (1,'Bradtke-Schumm','justo lacinia eget tincidunt eget tempus vel pede morbi porttitor lorem id ligula suspendisse ornare consequat lectus in est risus',60),(2,'Rodriguez LLC','dolor quis odio consequat varius integer ac leo pellentesque ultrices',33),(3,'Koch and Sons','scelerisque mauris sit amet eros suspendisse accumsan tortor quis turpis sed ante vivamus tortor duis mattis egestas',92),(4,'Hilll, Davis and Schmitt','sit amet cursus id turpis integer aliquet massa id lobortis convallis tortor risus dapibus augue vel',15),(5,'O\'Kon-Keeling','ac nibh fusce lacus purus aliquet at feugiat non pretium quis lectus suspendisse potenti in eleifend quam a odio',38),(6,'Pouros Group','porttitor pede justo eu massa donec dapibus duis at velit eu est congue elementum in hac habitasse platea',83),(7,'Schiller and Sons','duis bibendum morbi non quam nec dui luctus rutrum nulla tellus in sagittis',59),(8,'Carter-Rempel','non mauris morbi non lectus aliquam sit amet diam in magna bibendum imperdiet nullam',29),(9,'Shanahan, Moen and Schroeder','sit amet diam in magna bibendum imperdiet nullam orci pede venenatis non sodales sed tincidunt eu felis fusce posuere',21),(10,'Frami and Sons','massa volutpat convallis morbi odio odio elementum eu interdum eu tincidunt',96),(11,'Borer, Nicolas and Zboncak','quisque erat eros viverra eget congue eget semper rutrum nulla nunc purus phasellus',19),(12,'Schmidt, Thompson and Lebsack','nulla ut erat id mauris vulputate elementum nullam varius nulla facilisi cras non velit',49),(13,'Zulauf Inc','erat quisque erat eros viverra eget congue eget semper rutrum nulla nunc purus phasellus in',36),(14,'Mosciski and Sons','cras in purus eu magna vulputate luctus cum sociis natoque penatibus et magnis',88),(15,'Rempel, Feeney and Tillman','ut tellus nulla ut erat id mauris vulputate elementum nullam varius nulla facilisi cras non velit nec nisi vulputate',1),(16,'Johns-Anderson','aliquet pulvinar sed nisl nunc rhoncus dui vel sem sed sagittis nam',9),(17,'Hahn, Halvorson and Klocko','mauris lacinia sapien quis libero nullam sit amet turpis elementum ligula vehicula consequat morbi a',59),(18,'Gleichner, Hettinger and Crist','magnis dis parturient montes nascetur ridiculus mus etiam vel augue vestibulum rutrum rutrum neque aenean',80),(19,'Hauck Group','at nunc commodo placerat praesent blandit nam nulla integer pede justo',76),(20,'Breitenberg, Abshire and Brown','congue etiam justo etiam pretium iaculis justo in hac habitasse platea dictumst etiam faucibus cursus',61),(21,'Christiansen, Corkery and Ortiz','penatibus et magnis dis parturient montes nascetur ridiculus mus etiam vel augue vestibulum rutrum rutrum neque',62),(22,'Hermiston, Leuschke and Christiansen','tempus semper est quam pharetra magna ac consequat metus sapien ut nunc vestibulum ante ipsum primis in faucibus orci',36),(23,'Schmeler-Tillman','potenti cras in purus eu magna vulputate luctus cum sociis natoque penatibus et magnis',54),(24,'Koss Inc','ipsum dolor sit amet consectetuer adipiscing elit proin risus praesent lectus vestibulum quam sapien',54),(25,'Greenholt, Wehner and Parisian','mus vivamus vestibulum sagittis sapien cum sociis natoque penatibus et magnis dis parturient montes',25),(26,'Dietrich-Macejkovic','lacinia aenean sit amet justo morbi ut odio cras mi pede malesuada in imperdiet et commodo vulputate justo in blandit',29),(27,'Wolff LLC','primis in faucibus orci luctus et ultrices posuere cubilia curae',11),(28,'Larson-Kohler','et ultrices posuere cubilia curae nulla dapibus dolor vel est donec odio justo',49),(29,'Lesch, Cruickshank and Pfannerstill','massa id nisl venenatis lacinia aenean sit amet justo morbi ut odio cras mi pede',74),(30,'Wiegand, Bergstrom and Gusikowski','massa id lobortis convallis tortor risus dapibus augue vel accumsan',97),(31,'Schaden-Ruecker','pellentesque at nulla suspendisse potenti cras in purus eu magna vulputate luctus cum sociis',65),(32,'Lind Inc','odio porttitor id consequat in consequat ut nulla sed accumsan felis ut at dolor quis odio consequat varius',99),(33,'McKenzie, Weber and Lehner','nisi venenatis tristique fusce congue diam id ornare imperdiet sapien urna pretium nisl ut volutpat',44),(34,'Kessler, Maggio and Heidenreich','ut at dolor quis odio consequat varius integer ac leo',81),(35,'Dickens-Treutel','ante ipsum primis in faucibus orci luctus et ultrices posuere',91),(36,'Lowe, Fahey and Witting','eget rutrum at lorem integer tincidunt ante vel ipsum praesent blandit',85),(37,'Miller, Schimmel and Witting','gravida nisi at nibh in hac habitasse platea dictumst aliquam augue quam sollicitudin vitae consectetuer eget rutrum at lorem',73),(38,'Ullrich-Wunsch','sit amet erat nulla tempus vivamus in felis eu sapien cursus vestibulum proin eu',26),(39,'Zboncak Group','faucibus orci luctus et ultrices posuere cubilia curae mauris viverra diam vitae',76),(40,'Renner-Schultz','eleifend luctus ultricies eu nibh quisque id justo sit amet sapien dignissim vestibulum vestibulum ante ipsum primis in faucibus',44),(41,'Oberbrunner, Kutch and Boyer','lorem ipsum dolor sit amet consectetuer adipiscing elit proin risus praesent lectus vestibulum quam sapien varius',79),(42,'Konopelski Group','fermentum justo nec condimentum neque sapien placerat ante nulla justo aliquam',100),(43,'Goldner, Schoen and Sauer','vestibulum ante ipsum primis in faucibus orci luctus et ultrices posuere cubilia curae',29),(44,'Kub, Morissette and Mohr','sapien placerat ante nulla justo aliquam quis turpis eget elit sodales scelerisque mauris sit amet',9),(45,'Walker-Hahn','congue risus semper porta volutpat quam pede lobortis ligula sit amet',91),(46,'Prohaska and Sons','morbi quis tortor id nulla ultrices aliquet maecenas leo odio condimentum id luctus nec molestie sed justo',77),(47,'Okuneva, Hintz and Sauer','consequat lectus in est risus auctor sed tristique in tempus sit amet sem fusce consequat nulla nisl',67),(48,'Langworth-Gislason','duis aliquam convallis nunc proin at turpis a pede posuere nonummy integer non velit donec diam neque',97),(49,'Farrell Group','congue risus semper porta volutpat quam pede lobortis ligula sit amet eleifend pede libero quis orci',67),(50,'Herman Inc','feugiat et eros vestibulum ac est lacinia nisi venenatis tristique fusce congue diam id ornare imperdiet',44),(51,'Hartmann-Hand','donec odio justo sollicitudin ut suscipit a feugiat et eros vestibulum ac est',33),(52,'Hammes LLC','nunc viverra dapibus nulla suscipit ligula in lacus curabitur at',75),(53,'Thompson, Bogan and Hoppe','iaculis diam erat fermentum justo nec condimentum neque sapien placerat ante nulla justo aliquam quis turpis eget elit sodales scelerisque',4),(54,'Thompson LLC','lacus curabitur at ipsum ac tellus semper interdum mauris ullamcorper purus sit amet nulla quisque arcu libero rutrum ac lobortis',78),(55,'Bartoletti Inc','vulputate elementum nullam varius nulla facilisi cras non velit nec nisi vulputate nonummy',91),(56,'Pfannerstill-Grady','nulla sed accumsan felis ut at dolor quis odio consequat varius integer ac leo',43),(57,'Davis-Willms','congue risus semper porta volutpat quam pede lobortis ligula sit amet eleifend pede libero quis orci nullam molestie',48),(58,'Hackett LLC','a suscipit nulla elit ac nulla sed vel enim sit amet nunc viverra dapibus',27),(59,'Kuhn, Krajcik and Schimmel','ultrices enim lorem ipsum dolor sit amet consectetuer adipiscing elit proin interdum mauris non ligula pellentesque ultrices',34),(60,'Wiegand Group','dui maecenas tristique est et tempus semper est quam pharetra magna',33),(61,'Schinner Inc','et ultrices posuere cubilia curae donec pharetra magna vestibulum aliquet ultrices erat tortor sollicitudin mi sit amet lobortis',76),(62,'Schumm-Konopelski','justo in hac habitasse platea dictumst etiam faucibus cursus urna ut tellus nulla ut erat id mauris vulputate elementum nullam',57),(63,'Schuster Group','proin leo odio porttitor id consequat in consequat ut nulla sed',35),(64,'Kassulke, Langworth and Stiedemann','eget rutrum at lorem integer tincidunt ante vel ipsum praesent blandit lacinia',57),(65,'Connelly-Champlin','magna at nunc commodo placerat praesent blandit nam nulla integer pede justo lacinia eget tincidunt eget tempus vel pede morbi',13),(66,'Berge-Swaniawski','in purus eu magna vulputate luctus cum sociis natoque penatibus et',6),(67,'Mante Group','auctor gravida sem praesent id massa id nisl venenatis lacinia',92),(68,'Ondricka-Grady','sollicitudin ut suscipit a feugiat et eros vestibulum ac est lacinia nisi venenatis tristique fusce congue',73),(69,'Runolfsson and Sons','quam a odio in hac habitasse platea dictumst maecenas ut massa quis augue luctus tincidunt',64),(70,'Carroll, Schaden and Balistreri','nulla suscipit ligula in lacus curabitur at ipsum ac tellus semper interdum mauris ullamcorper purus',30),(71,'Senger LLC','suspendisse potenti nullam porttitor lacus at turpis donec posuere metus vitae ipsum aliquam non mauris morbi non',35),(72,'Macejkovic-Waters','dictumst maecenas ut massa quis augue luctus tincidunt nulla mollis molestie lorem quisque ut erat',21),(73,'Block, Robel and Bernhard','scelerisque quam turpis adipiscing lorem vitae mattis nibh ligula nec sem duis',3),(74,'Luettgen Inc','nisi nam ultrices libero non mattis pulvinar nulla pede ullamcorper augue a suscipit nulla elit ac nulla sed vel',45),(75,'Kerluke LLC','neque aenean auctor gravida sem praesent id massa id nisl',17),(76,'Langworth LLC','in hac habitasse platea dictumst etiam faucibus cursus urna ut tellus nulla ut erat id mauris vulputate elementum',54),(77,'Herman, Dickens and Doyle','porttitor id consequat in consequat ut nulla sed accumsan felis ut at dolor quis',9),(78,'Crona-Stark','nec euismod scelerisque quam turpis adipiscing lorem vitae mattis nibh ligula nec sem',35),(79,'Weber, Will and Steuber','morbi vestibulum velit id pretium iaculis diam erat fermentum justo nec condimentum neque sapien placerat ante nulla justo aliquam quis',75),(80,'Howe Group','luctus et ultrices posuere cubilia curae nulla dapibus dolor vel est donec odio',24),(81,'Huels Group','risus dapibus augue vel accumsan tellus nisi eu orci mauris lacinia sapien quis libero nullam sit amet',70),(82,'McCullough and Sons','mattis odio donec vitae nisi nam ultrices libero non mattis',75),(83,'Schiller Inc','vestibulum velit id pretium iaculis diam erat fermentum justo nec condimentum neque sapien placerat ante nulla justo aliquam quis turpis',68),(84,'Marks-Nienow','arcu adipiscing molestie hendrerit at vulputate vitae nisl aenean lectus pellentesque eget nunc',40),(85,'Hirthe, Huel and Runolfsson','dolor quis odio consequat varius integer ac leo pellentesque ultrices mattis odio donec vitae nisi nam ultrices libero non',1),(86,'Sipes-Stroman','sit amet diam in magna bibendum imperdiet nullam orci pede venenatis non sodales sed tincidunt eu felis',12),(87,'Nikolaus LLC','ridiculus mus etiam vel augue vestibulum rutrum rutrum neque aenean auctor gravida sem',15),(88,'Greenfelder-Ferry','quam fringilla rhoncus mauris enim leo rhoncus sed vestibulum sit amet cursus id',91),(89,'Witting-Bradtke','mauris enim leo rhoncus sed vestibulum sit amet cursus id turpis integer aliquet massa id lobortis convallis tortor risus',87),(90,'Ritchie-Dibbert','massa tempor convallis nulla neque libero convallis eget eleifend luctus ultricies eu nibh quisque id justo',49),(91,'Reichert and Sons','dui proin leo odio porttitor id consequat in consequat ut nulla sed accumsan felis ut',17),(92,'Batz, Green and Deckow','vulputate luctus cum sociis natoque penatibus et magnis dis parturient montes nascetur ridiculus',7),(93,'Rice-Bode','nisl duis ac nibh fusce lacus purus aliquet at feugiat non pretium quis lectus',39),(94,'Nikolaus Inc','eget semper rutrum nulla nunc purus phasellus in felis donec semper sapien a libero',20),(95,'Huel-Abbott','libero convallis eget eleifend luctus ultricies eu nibh quisque id justo sit amet sapien dignissim vestibulum vestibulum ante ipsum',4),(96,'Konopelski-Hane','mauris enim leo rhoncus sed vestibulum sit amet cursus id turpis integer aliquet massa id lobortis convallis tortor risus dapibus',14),(97,'Douglas-Lehner','velit id pretium iaculis diam erat fermentum justo nec condimentum',26),(98,'Langworth and Sons','at velit eu est congue elementum in hac habitasse platea dictumst morbi vestibulum velit',75),(99,'Torphy LLC','venenatis non sodales sed tincidunt eu felis fusce posuere felis sed lacus morbi sem mauris laoreet ut rhoncus',45),(100,'Heidenreich, Yost and Sipes','sapien sapien non mi integer ac neque duis bibendum morbi non quam nec dui',49);
/*!40000 ALTER TABLE `communities` ENABLE KEYS */;
UNLOCK TABLES;

--
-- Table structure for table `communities_users`
--

DROP TABLE IF EXISTS `communities_users`;
/*!40101 SET @saved_cs_client     = @@character_set_client */;
/*!50503 SET character_set_client = utf8mb4 */;
CREATE TABLE `communities_users` (
  `community_id` bigint unsigned NOT NULL,
  `user_id` bigint unsigned NOT NULL,
  `created_at` datetime NOT NULL DEFAULT CURRENT_TIMESTAMP,
  PRIMARY KEY (`community_id`,`user_id`),
  KEY `community_id` (`community_id`),
  KEY `user_id` (`user_id`),
  CONSTRAINT `communities_users_ibfk_1` FOREIGN KEY (`community_id`) REFERENCES `communities` (`id`),
  CONSTRAINT `communities_users_ibfk_2` FOREIGN KEY (`user_id`) REFERENCES `users` (`id`)
) ENGINE=InnoDB DEFAULT CHARSET=utf8mb4 COLLATE=utf8mb4_0900_ai_ci;
/*!40101 SET character_set_client = @saved_cs_client */;

--
-- Dumping data for table `communities_users`
--

LOCK TABLES `communities_users` WRITE;
/*!40000 ALTER TABLE `communities_users` DISABLE KEYS */;
INSERT INTO `communities_users` VALUES (3,21,'2020-11-23 00:00:00'),(4,81,'2020-10-26 00:00:00'),(5,46,'2020-10-13 00:00:00'),(6,16,'2021-01-17 00:00:00'),(6,43,'2020-11-12 00:00:00'),(8,45,'2021-02-21 00:00:00'),(9,58,'2020-08-05 00:00:00'),(9,63,'2020-12-20 00:00:00'),(11,7,'2021-04-02 00:00:00'),(14,35,'2021-02-25 00:00:00'),(14,57,'2021-05-05 00:00:00'),(15,23,'2021-06-08 00:00:00'),(16,54,'2020-10-29 00:00:00'),(17,100,'2021-03-07 00:00:00'),(18,68,'2020-12-17 00:00:00'),(20,86,'2021-07-05 00:00:00'),(21,37,'2020-11-19 00:00:00'),(22,4,'2021-05-29 00:00:00'),(22,67,'2021-01-04 00:00:00'),(22,100,'2021-02-20 00:00:00'),(24,78,'2021-01-09 00:00:00'),(25,10,'2021-04-20 00:00:00'),(25,21,'2020-08-11 00:00:00'),(25,99,'2021-02-25 00:00:00'),(26,80,'2020-10-21 00:00:00'),(27,94,'2021-03-23 00:00:00'),(29,18,'2021-03-27 00:00:00'),(29,87,'2020-08-22 00:00:00'),(30,92,'2020-10-06 00:00:00'),(31,78,'2021-05-04 00:00:00'),(32,44,'2021-06-01 00:00:00'),(33,8,'2020-09-18 00:00:00'),(33,11,'2021-03-31 00:00:00'),(34,28,'2021-05-15 00:00:00'),(34,49,'2020-11-05 00:00:00'),(34,66,'2020-08-30 00:00:00'),(36,27,'2021-06-17 00:00:00'),(36,36,'2021-03-18 00:00:00'),(37,4,'2020-10-22 00:00:00'),(37,33,'2020-11-02 00:00:00'),(37,82,'2021-05-12 00:00:00'),(38,10,'2021-05-16 00:00:00'),(38,14,'2020-11-02 00:00:00'),(38,32,'2021-05-22 00:00:00'),(39,65,'2020-12-30 00:00:00'),(40,20,'2021-03-25 00:00:00'),(40,33,'2020-09-10 00:00:00'),(41,96,'2021-01-10 00:00:00'),(42,9,'2021-01-23 00:00:00'),(42,15,'2020-09-27 00:00:00'),(46,27,'2020-11-25 00:00:00'),(46,42,'2021-06-14 00:00:00'),(48,73,'2021-02-22 00:00:00'),(50,7,'2021-07-12 00:00:00'),(50,16,'2020-07-24 00:00:00'),(50,17,'2021-07-10 00:00:00'),(50,64,'2021-03-04 00:00:00'),(51,50,'2020-11-10 00:00:00'),(52,77,'2021-04-18 00:00:00'),(56,4,'2020-10-25 00:00:00'),(58,48,'2020-07-28 00:00:00'),(59,45,'2021-03-18 00:00:00'),(61,9,'2021-04-23 00:00:00'),(62,67,'2021-04-01 00:00:00'),(62,86,'2020-08-25 00:00:00'),(62,100,'2021-05-13 00:00:00'),(64,80,'2020-10-06 00:00:00'),(64,85,'2020-11-27 00:00:00'),(65,16,'2020-12-05 00:00:00'),(66,5,'2021-03-01 00:00:00'),(69,13,'2021-05-28 00:00:00'),(69,78,'2021-03-19 00:00:00'),(69,84,'2020-11-15 00:00:00'),(70,53,'2020-10-10 00:00:00'),(70,60,'2021-05-21 00:00:00'),(70,61,'2020-10-03 00:00:00'),(70,79,'2020-09-12 00:00:00'),(71,41,'2020-08-30 00:00:00'),(71,91,'2021-04-21 00:00:00'),(72,43,'2021-05-11 00:00:00'),(73,52,'2021-02-15 00:00:00'),(75,46,'2020-08-30 00:00:00'),(76,97,'2021-06-27 00:00:00'),(77,22,'2020-12-06 00:00:00'),(77,43,'2020-09-13 00:00:00'),(78,9,'2021-06-12 00:00:00'),(80,71,'2021-06-16 00:00:00'),(81,78,'2021-01-14 00:00:00'),(83,24,'2020-07-27 00:00:00'),(83,53,'2021-05-23 00:00:00'),(87,33,'2020-10-29 00:00:00'),(87,50,'2021-03-22 00:00:00'),(87,73,'2021-06-29 00:00:00'),(87,80,'2021-05-19 00:00:00'),(88,34,'2020-09-01 00:00:00'),(89,26,'2021-03-24 00:00:00'),(94,22,'2021-04-07 00:00:00'),(96,86,'2021-03-14 00:00:00'),(96,92,'2021-02-23 00:00:00'),(99,61,'2021-07-06 00:00:00');
/*!40000 ALTER TABLE `communities_users` ENABLE KEYS */;
UNLOCK TABLES;

--
-- Table structure for table `friend_requests`
--

DROP TABLE IF EXISTS `friend_requests`;
/*!40101 SET @saved_cs_client     = @@character_set_client */;
/*!50503 SET character_set_client = utf8mb4 */;
CREATE TABLE `friend_requests` (
  `from_user_id` bigint unsigned NOT NULL,
  `to_user_id` bigint unsigned NOT NULL,
  `accepted` tinyint(1) DEFAULT '0',
  PRIMARY KEY (`from_user_id`,`to_user_id`),
  KEY `friend_requests_from_user_id_idx` (`from_user_id`),
  KEY `friend_requests_to_user_id_idx` (`to_user_id`),
  CONSTRAINT `fk_friend_requests_from_user_id` FOREIGN KEY (`from_user_id`) REFERENCES `users` (`id`),
  CONSTRAINT `fk_friend_requests_to_user_id` FOREIGN KEY (`to_user_id`) REFERENCES `users` (`id`),
  CONSTRAINT `sender_not_reciever_check` CHECK ((`from_user_id` <> `to_user_id`))
) ENGINE=InnoDB DEFAULT CHARSET=utf8mb4 COLLATE=utf8mb4_0900_ai_ci;
/*!40101 SET character_set_client = @saved_cs_client */;

--
-- Dumping data for table `friend_requests`
--

LOCK TABLES `friend_requests` WRITE;
/*!40000 ALTER TABLE `friend_requests` DISABLE KEYS */;
INSERT INTO `friend_requests` VALUES (1,94,0),(3,2,1),(3,61,1),(3,65,1),(5,47,1),(5,82,0),(5,92,0),(7,11,1),(8,3,1),(8,94,1),(9,55,1),(10,98,1),(11,9,0),(12,71,1),(15,19,0),(15,79,1),(16,94,1),(17,41,0),(17,71,1),(18,67,1),(19,1,1),(19,40,0),(21,31,0),(21,77,0),(22,26,1),(23,45,0),(23,54,0),(24,25,1),(24,56,0),(27,36,1),(30,23,0),(30,27,0),(31,33,0),(31,50,1),(33,68,1),(34,61,0),(35,11,1),(36,60,1),(36,64,0),(36,85,1),(37,91,0),(38,5,1),(40,46,1),(40,64,1),(40,100,1),(41,42,1),(42,15,1),(42,51,1),(44,40,0),(44,80,0),(46,76,0),(47,24,0),(47,68,1),(48,78,1),(50,92,0),(54,3,1),(54,5,0),(54,75,0),(55,15,1),(55,50,1),(55,91,0),(56,46,1),(57,94,0),(60,32,1),(62,31,1),(62,45,0),(62,73,0),(62,78,0),(63,44,1),(63,65,1),(66,60,1),(68,30,0),(68,71,0),(69,19,0),(71,43,1),(72,53,0),(77,4,1),(78,61,1),(78,70,1),(78,84,0),(78,91,0),(79,10,0),(79,94,1),(80,32,1),(81,59,0),(86,21,1),(88,23,0),(88,41,0),(89,7,0),(90,30,0),(90,37,0),(91,30,0),(95,44,0),(95,96,1),(95,99,0),(98,30,1),(98,100,0),(99,91,1),(100,31,1),(100,84,0);
/*!40000 ALTER TABLE `friend_requests` ENABLE KEYS */;
UNLOCK TABLES;

--
-- Table structure for table `media`
--

DROP TABLE IF EXISTS `media`;
/*!40101 SET @saved_cs_client     = @@character_set_client */;
/*!50503 SET character_set_client = utf8mb4 */;
CREATE TABLE `media` (
  `id` bigint unsigned NOT NULL AUTO_INCREMENT,
  `user_id` bigint unsigned NOT NULL,
  `media_types_id` int unsigned NOT NULL,
  `file_name` varchar(255) DEFAULT NULL COMMENT '/files/folder/img.png',
  `file_size` bigint unsigned DEFAULT NULL,
  `created_at` datetime NOT NULL DEFAULT CURRENT_TIMESTAMP,
  PRIMARY KEY (`id`),
  UNIQUE KEY `id` (`id`),
  KEY `media_types_id` (`media_types_id`),
  KEY `user_id` (`user_id`),
  CONSTRAINT `media_ibfk_1` FOREIGN KEY (`media_types_id`) REFERENCES `media_types` (`id`),
  CONSTRAINT `media_ibfk_2` FOREIGN KEY (`user_id`) REFERENCES `users` (`id`)
) ENGINE=InnoDB AUTO_INCREMENT=101 DEFAULT CHARSET=utf8mb4 COLLATE=utf8mb4_0900_ai_ci;
/*!40101 SET character_set_client = @saved_cs_client */;

--
-- Dumping data for table `media`
--

LOCK TABLES `media` WRITE;
/*!40000 ALTER TABLE `media` DISABLE KEYS */;
INSERT INTO `media` VALUES (1,1,3,NULL,979407565,'2021-03-05 00:00:00'),(2,2,1,NULL,716424526,'2021-02-10 00:00:00'),(3,3,2,NULL,211910354,'2021-05-14 00:00:00'),(4,4,2,NULL,265074924,'2021-01-17 00:00:00'),(5,5,4,NULL,47136680,'2020-09-22 00:00:00'),(6,6,3,NULL,3514757,'2020-10-03 00:00:00'),(7,7,4,NULL,190486984,'2021-04-22 00:00:00'),(8,8,1,NULL,629359637,'2020-09-20 00:00:00'),(9,9,4,NULL,72493099,'2021-03-25 00:00:00'),(10,10,3,NULL,1068258798,'2020-10-30 00:00:00'),(11,11,4,NULL,109378314,'2021-01-26 00:00:00'),(12,12,1,NULL,704260364,'2020-08-06 00:00:00'),(13,13,2,NULL,483123982,'2020-10-22 00:00:00'),(14,14,2,NULL,870333260,'2020-12-18 00:00:00'),(15,15,1,NULL,421130223,'2021-02-07 00:00:00'),(16,16,2,NULL,725604255,'2020-07-30 00:00:00'),(17,17,1,NULL,383349085,'2021-02-03 00:00:00'),(18,18,4,NULL,612564392,'2020-08-18 00:00:00'),(19,19,4,NULL,1050127195,'2021-03-31 00:00:00'),(20,20,3,NULL,651464220,'2021-06-13 00:00:00'),(21,21,2,NULL,514265439,'2020-07-19 00:00:00'),(22,22,1,NULL,205550142,'2021-02-07 00:00:00'),(23,23,3,NULL,751876376,'2021-01-06 00:00:00'),(24,24,4,NULL,447891622,'2021-05-18 00:00:00'),(25,25,1,NULL,572565317,'2020-09-15 00:00:00'),(26,26,2,NULL,24855336,'2021-02-08 00:00:00'),(27,27,1,NULL,382036284,'2020-12-17 00:00:00'),(28,28,2,NULL,315462672,'2020-10-02 00:00:00'),(29,29,3,NULL,13672994,'2020-08-31 00:00:00'),(30,30,3,NULL,352205978,'2021-07-08 00:00:00'),(31,31,4,NULL,1032948175,'2020-08-23 00:00:00'),(32,32,1,NULL,577495286,'2020-12-31 00:00:00'),(33,33,2,NULL,740377128,'2021-06-08 00:00:00'),(34,34,2,NULL,431865004,'2020-10-28 00:00:00'),(35,35,2,NULL,1034425333,'2021-01-22 00:00:00'),(36,36,1,NULL,940346557,'2020-10-30 00:00:00'),(37,37,2,NULL,900445670,'2021-03-25 00:00:00'),(38,38,1,NULL,945577356,'2020-10-13 00:00:00'),(39,39,1,NULL,332432010,'2021-04-22 00:00:00'),(40,40,2,NULL,200606768,'2021-01-05 00:00:00'),(41,41,1,NULL,903765027,'2020-09-05 00:00:00'),(42,42,3,NULL,258631568,'2021-03-07 00:00:00'),(43,43,2,NULL,130942217,'2021-02-13 00:00:00'),(44,44,3,NULL,679705951,'2021-06-03 00:00:00'),(45,45,3,NULL,978915361,'2020-09-14 00:00:00'),(46,46,1,NULL,24775162,'2021-07-12 00:00:00'),(47,47,4,NULL,468798749,'2021-01-22 00:00:00'),(48,48,2,NULL,878940543,'2021-05-27 00:00:00'),(49,49,4,NULL,323012966,'2021-01-28 00:00:00'),(50,50,1,NULL,907757453,'2020-12-24 00:00:00'),(51,51,4,NULL,196316659,'2021-07-11 00:00:00'),(52,52,2,NULL,393955667,'2020-11-04 00:00:00'),(53,53,1,NULL,671309120,'2021-01-24 00:00:00'),(54,54,3,NULL,889006012,'2020-12-16 00:00:00'),(55,55,1,NULL,178413746,'2021-03-08 00:00:00'),(56,56,2,NULL,580749535,'2021-01-30 00:00:00'),(57,57,3,NULL,147138504,'2020-12-23 00:00:00'),(58,58,2,NULL,36857311,'2020-08-26 00:00:00'),(59,59,4,NULL,195349963,'2021-05-01 00:00:00'),(60,60,2,NULL,965468551,'2021-01-19 00:00:00'),(61,61,2,NULL,326440070,'2021-05-02 00:00:00'),(62,62,2,NULL,1044233059,'2021-04-01 00:00:00'),(63,63,3,NULL,140469351,'2020-11-13 00:00:00'),(64,64,2,NULL,1032495093,'2020-10-12 00:00:00'),(65,65,4,NULL,6907688,'2020-08-27 00:00:00'),(66,66,3,NULL,260964548,'2020-09-21 00:00:00'),(67,67,4,NULL,239153804,'2021-05-13 00:00:00'),(68,68,3,NULL,285893600,'2021-04-16 00:00:00'),(69,69,2,NULL,280715592,'2020-08-24 00:00:00'),(70,70,3,NULL,626200095,'2020-08-01 00:00:00'),(71,71,1,NULL,759976863,'2020-10-30 00:00:00'),(72,72,1,NULL,605988692,'2020-12-20 00:00:00'),(73,73,1,NULL,842180056,'2020-09-11 00:00:00'),(74,74,2,NULL,765704577,'2021-01-22 00:00:00'),(75,75,4,NULL,181198068,'2021-01-14 00:00:00'),(76,76,1,NULL,994488271,'2021-04-19 00:00:00'),(77,77,1,NULL,660314561,'2021-01-20 00:00:00'),(78,78,2,NULL,293934628,'2020-12-10 00:00:00'),(79,79,3,NULL,12107234,'2021-04-20 00:00:00'),(80,80,2,NULL,127010769,'2020-11-22 00:00:00'),(81,81,2,NULL,526870369,'2020-09-14 00:00:00'),(82,82,1,NULL,572566294,'2020-09-22 00:00:00'),(83,83,3,NULL,513422879,'2021-07-13 00:00:00'),(84,84,2,NULL,484828081,'2020-12-20 00:00:00'),(85,85,4,NULL,798922602,'2021-04-22 00:00:00'),(86,86,1,NULL,932490711,'2020-10-23 00:00:00'),(87,87,4,NULL,179047180,'2021-07-08 00:00:00'),(88,88,1,NULL,162121599,'2020-12-11 00:00:00'),(89,89,3,NULL,403743586,'2021-02-15 00:00:00'),(90,90,2,NULL,31225871,'2021-02-03 00:00:00'),(91,91,4,NULL,631690364,'2021-01-08 00:00:00'),(92,92,3,NULL,87704300,'2020-07-16 00:00:00'),(93,93,4,NULL,985009249,'2020-12-30 00:00:00'),(94,94,4,NULL,427352261,'2021-05-30 00:00:00'),(95,95,1,NULL,816095276,'2020-08-21 00:00:00'),(96,96,4,NULL,589302320,'2020-08-14 00:00:00'),(97,97,3,NULL,1023051484,'2021-07-06 00:00:00'),(98,98,3,NULL,965023307,'2020-09-20 00:00:00'),(99,99,3,NULL,509067062,'2021-03-25 00:00:00'),(100,100,2,NULL,676243041,'2020-10-28 00:00:00');
/*!40000 ALTER TABLE `media` ENABLE KEYS */;
UNLOCK TABLES;

--
-- Table structure for table `media_types`
--

DROP TABLE IF EXISTS `media_types`;
/*!40101 SET @saved_cs_client     = @@character_set_client */;
/*!50503 SET character_set_client = utf8mb4 */;
CREATE TABLE `media_types` (
  `id` int unsigned NOT NULL AUTO_INCREMENT,
  `name` varchar(50) NOT NULL,
  PRIMARY KEY (`id`),
  UNIQUE KEY `name` (`name`)
) ENGINE=InnoDB AUTO_INCREMENT=5 DEFAULT CHARSET=utf8mb4 COLLATE=utf8mb4_0900_ai_ci;
/*!40101 SET character_set_client = @saved_cs_client */;

--
-- Dumping data for table `media_types`
--

LOCK TABLES `media_types` WRITE;
/*!40000 ALTER TABLE `media_types` DISABLE KEYS */;
INSERT INTO `media_types` VALUES (4,'Object-based'),(1,'Proactive'),(2,'synergy'),(3,'time-frame');
/*!40000 ALTER TABLE `media_types` ENABLE KEYS */;
UNLOCK TABLES;

--
-- Table structure for table `messages`
--

DROP TABLE IF EXISTS `messages`;
/*!40101 SET @saved_cs_client     = @@character_set_client */;
/*!50503 SET character_set_client = utf8mb4 */;
CREATE TABLE `messages` (
  `id` bigint unsigned NOT NULL AUTO_INCREMENT,
  `from_user_id` bigint unsigned NOT NULL,
  `to_user_id` bigint unsigned NOT NULL,
  `txt` text NOT NULL,
  `is_delivered` tinyint(1) DEFAULT '0',
  `created_at` datetime NOT NULL DEFAULT CURRENT_TIMESTAMP,
  `updated_at` datetime DEFAULT CURRENT_TIMESTAMP ON UPDATE CURRENT_TIMESTAMP COMMENT 'Время обновления строки',
  PRIMARY KEY (`id`),
  UNIQUE KEY `id` (`id`),
  KEY `messages_from_user_id_idx` (`from_user_id`),
  KEY `messages_to_user_id_idx` (`to_user_id`),
  CONSTRAINT `fk_messages_from_user_id` FOREIGN KEY (`from_user_id`) REFERENCES `users` (`id`),
  CONSTRAINT `fk_messages_to_user_id` FOREIGN KEY (`to_user_id`) REFERENCES `users` (`id`)
) ENGINE=InnoDB AUTO_INCREMENT=101 DEFAULT CHARSET=utf8mb4 COLLATE=utf8mb4_0900_ai_ci;
/*!40101 SET character_set_client = @saved_cs_client */;

--
-- Dumping data for table `messages`
--

LOCK TABLES `messages` WRITE;
/*!40000 ALTER TABLE `messages` DISABLE KEYS */;
INSERT INTO `messages` VALUES (1,61,27,'volutpat dui maecenas tristique est et tempus semper est quam pharetra',0,'2019-08-26 00:00:00','2021-05-10 00:00:00'),(2,72,53,'cursus vestibulum proin eu mi nulla ac enim in tempor turpis nec euismod scelerisque quam turpis',0,'2020-04-18 00:00:00','2020-08-02 00:00:00'),(3,61,59,'suspendisse ornare consequat lectus in est risus auctor sed tristique in tempus sit amet sem fusce consequat',0,'2019-09-01 00:00:00','2020-09-09 00:00:00'),(4,58,17,'et ultrices posuere cubilia curae donec pharetra magna vestibulum aliquet ultrices erat tortor sollicitudin mi sit amet',0,'2019-12-01 00:00:00','2021-05-21 00:00:00'),(5,97,10,'at ipsum ac tellus semper interdum mauris ullamcorper purus sit amet nulla quisque',0,'2019-11-03 00:00:00','2020-12-03 00:00:00'),(6,90,71,'parturient montes nascetur ridiculus mus vivamus vestibulum sagittis sapien cum sociis',0,'2020-01-01 00:00:00','2020-10-21 00:00:00'),(7,30,44,'posuere metus vitae ipsum aliquam non mauris morbi non lectus aliquam sit amet',0,'2020-03-01 00:00:00','2020-10-27 00:00:00'),(8,30,22,'massa quis augue luctus tincidunt nulla mollis molestie lorem quisque ut',1,'2020-01-01 00:00:00','2021-04-21 00:00:00'),(9,41,55,'cras in purus eu magna vulputate luctus cum sociis natoque penatibus et magnis dis parturient',0,'2019-11-14 00:00:00','2020-09-22 00:00:00'),(10,74,95,'aenean auctor gravida sem praesent id massa id nisl venenatis lacinia aenean sit amet justo morbi ut odio',0,'2020-05-15 00:00:00','2020-12-06 00:00:00'),(11,18,33,'nulla elit ac nulla sed vel enim sit amet nunc viverra dapibus nulla suscipit ligula in lacus curabitur at',1,'2019-11-20 00:00:00','2021-02-15 00:00:00'),(12,41,75,'lacus morbi sem mauris laoreet ut rhoncus aliquet pulvinar sed nisl nunc rhoncus dui vel sem sed sagittis',1,'2020-02-08 00:00:00','2020-09-04 00:00:00'),(13,49,38,'eget massa tempor convallis nulla neque libero convallis eget eleifend luctus ultricies eu nibh',1,'2019-12-04 00:00:00','2020-11-02 00:00:00'),(14,61,42,'elementum ligula vehicula consequat morbi a ipsum integer a nibh in quis',0,'2019-09-22 00:00:00','2021-04-20 00:00:00'),(15,47,60,'erat volutpat in congue etiam justo etiam pretium iaculis justo in hac habitasse platea dictumst etiam',1,'2019-12-18 00:00:00','2020-09-30 00:00:00'),(16,56,12,'in consequat ut nulla sed accumsan felis ut at dolor quis odio consequat varius integer ac',0,'2020-04-29 00:00:00','2021-04-18 00:00:00'),(17,22,8,'integer aliquet massa id lobortis convallis tortor risus dapibus augue vel accumsan tellus nisi',0,'2020-07-07 00:00:00','2020-10-29 00:00:00'),(18,61,51,'in hac habitasse platea dictumst etiam faucibus cursus urna ut tellus nulla ut erat id mauris',0,'2019-11-28 00:00:00','2020-08-26 00:00:00'),(19,49,95,'orci vehicula condimentum curabitur in libero ut massa volutpat convallis morbi',0,'2020-07-14 00:00:00','2020-09-09 00:00:00'),(20,35,52,'nisi at nibh in hac habitasse platea dictumst aliquam augue quam sollicitudin vitae consectetuer',0,'2020-01-16 00:00:00','2020-09-28 00:00:00'),(21,48,44,'id consequat in consequat ut nulla sed accumsan felis ut at dolor quis',0,'2019-08-29 00:00:00','2021-01-13 00:00:00'),(22,74,47,'fermentum donec ut mauris eget massa tempor convallis nulla neque libero convallis',0,'2019-07-25 00:00:00','2021-05-12 00:00:00'),(23,8,87,'a nibh in quis justo maecenas rhoncus aliquam lacus morbi quis tortor id nulla ultrices aliquet maecenas leo odio condimentum',1,'2019-08-10 00:00:00','2020-11-27 00:00:00'),(24,14,86,'habitasse platea dictumst etiam faucibus cursus urna ut tellus nulla ut erat id',1,'2019-11-26 00:00:00','2021-01-05 00:00:00'),(25,95,57,'varius integer ac leo pellentesque ultrices mattis odio donec vitae nisi',0,'2019-11-08 00:00:00','2021-04-07 00:00:00'),(26,10,35,'aliquam non mauris morbi non lectus aliquam sit amet diam in magna bibendum imperdiet nullam orci',1,'2020-04-16 00:00:00','2020-12-13 00:00:00'),(27,78,47,'luctus et ultrices posuere cubilia curae nulla dapibus dolor vel est donec odio justo sollicitudin ut suscipit a feugiat et',1,'2019-07-19 00:00:00','2020-12-03 00:00:00'),(28,80,83,'consequat ut nulla sed accumsan felis ut at dolor quis odio consequat varius integer ac leo pellentesque ultrices',1,'2020-05-08 00:00:00','2020-12-13 00:00:00'),(29,49,44,'id ornare imperdiet sapien urna pretium nisl ut volutpat sapien arcu sed augue aliquam erat',0,'2019-07-24 00:00:00','2021-05-22 00:00:00'),(30,44,17,'a odio in hac habitasse platea dictumst maecenas ut massa quis',0,'2020-05-24 00:00:00','2020-07-17 00:00:00'),(31,7,67,'dui nec nisi volutpat eleifend donec ut dolor morbi vel lectus in quam fringilla rhoncus',1,'2020-02-29 00:00:00','2021-01-10 00:00:00'),(32,30,40,'vel sem sed sagittis nam congue risus semper porta volutpat quam pede lobortis',1,'2019-10-21 00:00:00','2021-03-20 00:00:00'),(33,35,22,'egestas metus aenean fermentum donec ut mauris eget massa tempor convallis nulla neque libero',1,'2019-09-18 00:00:00','2020-07-25 00:00:00'),(34,62,90,'maecenas pulvinar lobortis est phasellus sit amet erat nulla tempus vivamus in felis eu sapien cursus vestibulum proin',1,'2019-11-05 00:00:00','2021-05-19 00:00:00'),(35,87,58,'mauris non ligula pellentesque ultrices phasellus id sapien in sapien',0,'2019-11-15 00:00:00','2021-05-16 00:00:00'),(36,52,38,'at ipsum ac tellus semper interdum mauris ullamcorper purus sit',1,'2020-05-15 00:00:00','2021-02-24 00:00:00'),(37,98,94,'non mattis pulvinar nulla pede ullamcorper augue a suscipit nulla elit ac nulla sed vel enim sit amet nunc viverra',1,'2020-01-27 00:00:00','2021-05-06 00:00:00'),(38,4,61,'justo eu massa donec dapibus duis at velit eu est congue elementum in hac habitasse',0,'2020-03-26 00:00:00','2021-05-13 00:00:00'),(39,40,3,'venenatis turpis enim blandit mi in porttitor pede justo eu massa',1,'2020-01-31 00:00:00','2020-11-13 00:00:00'),(40,68,11,'sed augue aliquam erat volutpat in congue etiam justo etiam pretium iaculis justo in hac habitasse platea',1,'2020-07-04 00:00:00','2020-08-23 00:00:00'),(41,7,8,'justo aliquam quis turpis eget elit sodales scelerisque mauris sit amet',1,'2019-07-23 00:00:00','2020-10-13 00:00:00'),(42,72,43,'congue vivamus metus arcu adipiscing molestie hendrerit at vulputate vitae nisl',0,'2019-07-22 00:00:00','2021-06-10 00:00:00'),(43,2,19,'magnis dis parturient montes nascetur ridiculus mus vivamus vestibulum sagittis sapien cum sociis natoque penatibus et magnis dis parturient montes',0,'2020-03-14 00:00:00','2021-06-05 00:00:00'),(44,32,51,'mauris non ligula pellentesque ultrices phasellus id sapien in sapien',1,'2019-09-29 00:00:00','2020-12-23 00:00:00'),(45,36,20,'nibh in quis justo maecenas rhoncus aliquam lacus morbi quis tortor',0,'2019-12-06 00:00:00','2021-06-23 00:00:00'),(46,74,86,'sed vestibulum sit amet cursus id turpis integer aliquet massa id lobortis convallis tortor',1,'2020-01-29 00:00:00','2020-11-05 00:00:00'),(47,37,46,'ipsum primis in faucibus orci luctus et ultrices posuere cubilia curae mauris',1,'2019-10-30 00:00:00','2021-03-27 00:00:00'),(48,41,30,'amet sem fusce consequat nulla nisl nunc nisl duis bibendum felis sed interdum',1,'2019-11-23 00:00:00','2020-12-07 00:00:00'),(49,26,43,'pellentesque ultrices mattis odio donec vitae nisi nam ultrices libero non mattis pulvinar nulla pede ullamcorper augue a',0,'2019-11-07 00:00:00','2021-07-01 00:00:00'),(50,45,39,'dui proin leo odio porttitor id consequat in consequat ut nulla sed accumsan felis ut at dolor quis odio',1,'2020-06-26 00:00:00','2020-08-19 00:00:00'),(51,6,49,'ante ipsum primis in faucibus orci luctus et ultrices posuere cubilia',0,'2020-06-24 00:00:00','2021-03-25 00:00:00'),(52,81,49,'in consequat ut nulla sed accumsan felis ut at dolor quis odio consequat varius',0,'2020-04-24 00:00:00','2021-01-27 00:00:00'),(53,92,27,'elementum pellentesque quisque porta volutpat erat quisque erat eros viverra eget congue eget semper',0,'2019-12-23 00:00:00','2021-03-28 00:00:00'),(54,76,68,'aliquet at feugiat non pretium quis lectus suspendisse potenti in eleifend quam a odio in hac habitasse platea dictumst maecenas',1,'2020-03-02 00:00:00','2020-11-06 00:00:00'),(55,87,86,'sollicitudin mi sit amet lobortis sapien sapien non mi integer ac neque duis',0,'2020-03-22 00:00:00','2020-11-26 00:00:00'),(56,86,69,'volutpat quam pede lobortis ligula sit amet eleifend pede libero quis orci',1,'2019-08-08 00:00:00','2021-04-25 00:00:00'),(57,18,10,'arcu adipiscing molestie hendrerit at vulputate vitae nisl aenean lectus pellentesque eget nunc donec',1,'2020-03-03 00:00:00','2021-01-03 00:00:00'),(58,98,4,'tempor turpis nec euismod scelerisque quam turpis adipiscing lorem vitae mattis nibh ligula nec sem',0,'2020-02-03 00:00:00','2021-04-20 00:00:00'),(59,17,45,'congue diam id ornare imperdiet sapien urna pretium nisl ut volutpat sapien arcu sed augue aliquam erat volutpat',1,'2020-03-05 00:00:00','2020-10-21 00:00:00'),(60,89,16,'sed nisl nunc rhoncus dui vel sem sed sagittis nam congue risus semper porta volutpat quam pede',0,'2020-01-19 00:00:00','2020-07-21 00:00:00'),(61,84,95,'lorem integer tincidunt ante vel ipsum praesent blandit lacinia erat vestibulum sed',0,'2020-04-17 00:00:00','2020-11-21 00:00:00'),(62,70,14,'sed tristique in tempus sit amet sem fusce consequat nulla nisl nunc nisl',1,'2020-04-28 00:00:00','2020-10-12 00:00:00'),(63,76,3,'velit nec nisi vulputate nonummy maecenas tincidunt lacus at velit vivamus vel nulla eget eros elementum pellentesque quisque',0,'2019-12-05 00:00:00','2020-11-15 00:00:00'),(64,73,1,'volutpat dui maecenas tristique est et tempus semper est quam pharetra magna ac consequat metus sapien',0,'2019-09-10 00:00:00','2021-01-25 00:00:00'),(65,74,98,'eget rutrum at lorem integer tincidunt ante vel ipsum praesent blandit lacinia erat',1,'2020-04-17 00:00:00','2021-05-22 00:00:00'),(66,88,84,'odio cras mi pede malesuada in imperdiet et commodo vulputate justo in blandit ultrices enim lorem',0,'2020-05-24 00:00:00','2021-06-23 00:00:00'),(67,51,31,'lacinia aenean sit amet justo morbi ut odio cras mi',1,'2020-04-10 00:00:00','2021-02-21 00:00:00'),(68,2,36,'nisl nunc rhoncus dui vel sem sed sagittis nam congue risus semper porta volutpat quam',0,'2020-05-11 00:00:00','2021-06-17 00:00:00'),(69,59,80,'lectus pellentesque eget nunc donec quis orci eget orci vehicula condimentum curabitur in libero ut',1,'2019-11-23 00:00:00','2020-08-30 00:00:00'),(70,16,84,'tempor convallis nulla neque libero convallis eget eleifend luctus ultricies eu nibh quisque id justo sit amet sapien dignissim',1,'2020-05-16 00:00:00','2020-11-20 00:00:00'),(71,87,86,'faucibus accumsan odio curabitur convallis duis consequat dui nec nisi volutpat eleifend donec ut dolor morbi vel',1,'2020-05-18 00:00:00','2021-01-29 00:00:00'),(72,69,65,'a odio in hac habitasse platea dictumst maecenas ut massa quis augue luctus tincidunt nulla',0,'2020-03-18 00:00:00','2021-05-24 00:00:00'),(73,23,93,'sed tincidunt eu felis fusce posuere felis sed lacus morbi sem mauris laoreet ut',0,'2020-01-18 00:00:00','2021-02-01 00:00:00'),(74,20,89,'sit amet consectetuer adipiscing elit proin risus praesent lectus vestibulum quam sapien varius',0,'2019-09-28 00:00:00','2020-08-08 00:00:00'),(75,15,82,'tellus nisi eu orci mauris lacinia sapien quis libero nullam sit amet turpis',0,'2020-02-28 00:00:00','2020-08-06 00:00:00'),(76,42,74,'posuere metus vitae ipsum aliquam non mauris morbi non lectus aliquam sit amet diam in magna bibendum',1,'2019-09-07 00:00:00','2020-09-29 00:00:00'),(77,56,96,'nisl venenatis lacinia aenean sit amet justo morbi ut odio cras mi pede malesuada in imperdiet et commodo vulputate',0,'2019-10-18 00:00:00','2020-10-02 00:00:00'),(78,40,77,'id mauris vulputate elementum nullam varius nulla facilisi cras non',1,'2019-11-18 00:00:00','2021-06-20 00:00:00'),(79,19,78,'integer a nibh in quis justo maecenas rhoncus aliquam lacus morbi quis tortor id nulla ultrices aliquet',1,'2019-09-13 00:00:00','2020-12-10 00:00:00'),(80,63,32,'fusce consequat nulla nisl nunc nisl duis bibendum felis sed',1,'2020-01-14 00:00:00','2021-04-15 00:00:00'),(81,73,53,'ultricies eu nibh quisque id justo sit amet sapien dignissim vestibulum vestibulum ante ipsum primis in faucibus orci luctus et',0,'2020-06-20 00:00:00','2021-05-23 00:00:00'),(82,15,47,'rhoncus mauris enim leo rhoncus sed vestibulum sit amet cursus id turpis integer aliquet massa id',1,'2019-07-21 00:00:00','2020-09-02 00:00:00'),(83,11,58,'metus aenean fermentum donec ut mauris eget massa tempor convallis nulla neque libero convallis eget eleifend luctus',0,'2020-02-05 00:00:00','2020-09-26 00:00:00'),(84,66,81,'tortor sollicitudin mi sit amet lobortis sapien sapien non mi',0,'2019-12-20 00:00:00','2020-08-16 00:00:00'),(85,69,34,'convallis nunc proin at turpis a pede posuere nonummy integer non velit donec diam neque',1,'2020-03-09 00:00:00','2020-07-19 00:00:00'),(86,70,4,'sed magna at nunc commodo placerat praesent blandit nam nulla integer pede justo lacinia eget tincidunt eget tempus vel pede',0,'2019-11-17 00:00:00','2021-04-30 00:00:00'),(87,90,94,'sagittis dui vel nisl duis ac nibh fusce lacus purus aliquet at feugiat non',0,'2020-04-02 00:00:00','2020-08-18 00:00:00'),(88,72,31,'libero ut massa volutpat convallis morbi odio odio elementum eu',0,'2020-03-31 00:00:00','2021-04-06 00:00:00'),(89,45,15,'nulla pede ullamcorper augue a suscipit nulla elit ac nulla sed',0,'2020-07-04 00:00:00','2021-01-13 00:00:00'),(90,47,39,'fermentum justo nec condimentum neque sapien placerat ante nulla justo aliquam',1,'2019-08-13 00:00:00','2021-03-18 00:00:00'),(91,5,22,'dui proin leo odio porttitor id consequat in consequat ut nulla',0,'2019-11-03 00:00:00','2021-04-16 00:00:00'),(92,45,87,'malesuada in imperdiet et commodo vulputate justo in blandit ultrices enim lorem ipsum',0,'2020-05-31 00:00:00','2020-10-07 00:00:00'),(93,24,55,'sapien in sapien iaculis congue vivamus metus arcu adipiscing molestie',1,'2020-01-15 00:00:00','2020-08-23 00:00:00'),(94,73,17,'eu nibh quisque id justo sit amet sapien dignissim vestibulum',1,'2020-01-02 00:00:00','2020-12-21 00:00:00'),(95,64,75,'tortor risus dapibus augue vel accumsan tellus nisi eu orci mauris lacinia sapien quis libero nullam sit',1,'2019-07-27 00:00:00','2020-12-14 00:00:00'),(96,11,20,'duis consequat dui nec nisi volutpat eleifend donec ut dolor morbi vel lectus in quam fringilla rhoncus mauris',1,'2019-12-18 00:00:00','2020-08-04 00:00:00'),(97,84,2,'est quam pharetra magna ac consequat metus sapien ut nunc vestibulum ante ipsum primis in faucibus orci',1,'2019-08-29 00:00:00','2021-01-22 00:00:00'),(98,80,32,'hac habitasse platea dictumst aliquam augue quam sollicitudin vitae consectetuer eget rutrum at lorem integer',0,'2020-05-30 00:00:00','2021-01-16 00:00:00'),(99,2,93,'est quam pharetra magna ac consequat metus sapien ut nunc vestibulum ante ipsum primis in faucibus orci luctus',1,'2020-01-03 00:00:00','2021-05-30 00:00:00'),(100,98,3,'duis faucibus accumsan odio curabitur convallis duis consequat dui nec nisi volutpat eleifend donec ut dolor morbi vel lectus in',0,'2020-05-21 00:00:00','2021-06-24 00:00:00');
/*!40000 ALTER TABLE `messages` ENABLE KEYS */;
UNLOCK TABLES;

--
-- Table structure for table `posts`
--

DROP TABLE IF EXISTS `posts`;
/*!40101 SET @saved_cs_client     = @@character_set_client */;
/*!50503 SET character_set_client = utf8mb4 */;
CREATE TABLE `posts` (
  `id` bigint unsigned NOT NULL AUTO_INCREMENT,
  `user_id` bigint unsigned NOT NULL,
  `txt` text NOT NULL,
  `created_at` datetime DEFAULT CURRENT_TIMESTAMP,
  `updated_at` datetime DEFAULT NULL ON UPDATE CURRENT_TIMESTAMP,
  PRIMARY KEY (`id`),
  UNIQUE KEY `id` (`id`),
  KEY `user_idx` (`user_id`),
  CONSTRAINT `user_posts_fk` FOREIGN KEY (`user_id`) REFERENCES `users` (`id`)
) ENGINE=InnoDB AUTO_INCREMENT=101 DEFAULT CHARSET=utf8mb4 COLLATE=utf8mb4_0900_ai_ci;
/*!40101 SET character_set_client = @saved_cs_client */;

--
-- Dumping data for table `posts`
--

LOCK TABLES `posts` WRITE;
/*!40000 ALTER TABLE `posts` DISABLE KEYS */;
INSERT INTO `posts` VALUES (1,33,'justo lacinia eget tincidunt eget tempus vel pede morbi porttitor lorem','2020-04-05 00:00:00','2021-01-21 00:00:00'),(2,2,'sit amet consectetuer adipiscing elit proin interdum mauris non ligula pellentesque ultrices phasellus id','2020-03-06 00:00:00','2021-01-23 00:00:00'),(3,51,'erat id mauris vulputate elementum nullam varius nulla facilisi cras non velit nec nisi vulputate nonummy maecenas','2019-12-09 00:00:00','2021-02-28 00:00:00'),(4,57,'malesuada in imperdiet et commodo vulputate justo in blandit ultrices','2019-10-04 00:00:00','2021-03-30 00:00:00'),(5,52,'nisi at nibh in hac habitasse platea dictumst aliquam augue quam sollicitudin vitae consectetuer eget rutrum at lorem','2020-07-08 00:00:00','2020-12-20 00:00:00'),(6,99,'vivamus metus arcu adipiscing molestie hendrerit at vulputate vitae nisl aenean lectus pellentesque eget nunc donec quis orci','2019-08-01 00:00:00','2021-06-09 00:00:00'),(7,51,'magna ac consequat metus sapien ut nunc vestibulum ante ipsum primis in faucibus','2020-04-11 00:00:00','2020-12-23 00:00:00'),(8,64,'elit sodales scelerisque mauris sit amet eros suspendisse accumsan tortor quis turpis sed','2020-05-24 00:00:00','2020-10-05 00:00:00'),(9,84,'sed vel enim sit amet nunc viverra dapibus nulla suscipit ligula in lacus curabitur','2019-08-25 00:00:00','2020-07-16 00:00:00'),(10,26,'nec nisi vulputate nonummy maecenas tincidunt lacus at velit vivamus vel nulla eget eros','2019-09-24 00:00:00','2021-05-11 00:00:00'),(11,20,'at turpis a pede posuere nonummy integer non velit donec diam neque vestibulum eget vulputate ut ultrices vel augue vestibulum','2019-11-10 00:00:00','2020-11-20 00:00:00'),(12,89,'suscipit nulla elit ac nulla sed vel enim sit amet nunc viverra dapibus nulla suscipit ligula in','2020-02-17 00:00:00','2021-05-29 00:00:00'),(13,38,'nulla tellus in sagittis dui vel nisl duis ac nibh fusce lacus purus aliquet','2019-09-01 00:00:00','2021-03-17 00:00:00'),(14,71,'sit amet diam in magna bibendum imperdiet nullam orci pede venenatis non sodales sed tincidunt eu felis fusce','2019-08-30 00:00:00','2020-11-08 00:00:00'),(15,64,'placerat ante nulla justo aliquam quis turpis eget elit sodales scelerisque mauris sit amet eros','2020-01-17 00:00:00','2020-09-19 00:00:00'),(16,21,'nam dui proin leo odio porttitor id consequat in consequat ut nulla sed accumsan felis','2020-04-18 00:00:00','2021-05-25 00:00:00'),(17,92,'consequat morbi a ipsum integer a nibh in quis justo maecenas rhoncus aliquam lacus morbi quis','2019-09-24 00:00:00','2021-05-08 00:00:00'),(18,14,'morbi non lectus aliquam sit amet diam in magna bibendum imperdiet nullam orci pede venenatis non','2020-03-26 00:00:00','2021-06-30 00:00:00'),(19,90,'potenti in eleifend quam a odio in hac habitasse platea dictumst maecenas ut massa quis augue luctus tincidunt nulla','2019-07-28 00:00:00','2021-02-24 00:00:00'),(20,40,'mauris enim leo rhoncus sed vestibulum sit amet cursus id turpis integer','2020-04-13 00:00:00','2020-12-22 00:00:00'),(21,68,'turpis donec posuere metus vitae ipsum aliquam non mauris morbi non lectus aliquam sit amet diam in magna bibendum','2020-02-13 00:00:00','2020-11-22 00:00:00'),(22,99,'congue eget semper rutrum nulla nunc purus phasellus in felis donec semper','2019-08-19 00:00:00','2020-09-12 00:00:00'),(23,41,'hendrerit at vulputate vitae nisl aenean lectus pellentesque eget nunc donec quis orci eget orci','2020-04-10 00:00:00','2021-05-01 00:00:00'),(24,63,'orci nullam molestie nibh in lectus pellentesque at nulla suspendisse potenti cras in purus','2019-07-19 00:00:00','2020-09-18 00:00:00'),(25,50,'mattis egestas metus aenean fermentum donec ut mauris eget massa tempor convallis nulla neque libero convallis eget eleifend','2020-02-11 00:00:00','2020-10-01 00:00:00'),(26,5,'nunc viverra dapibus nulla suscipit ligula in lacus curabitur at ipsum','2020-05-21 00:00:00','2020-08-26 00:00:00'),(27,97,'curabitur gravida nisi at nibh in hac habitasse platea dictumst aliquam augue quam sollicitudin vitae consectetuer','2020-06-23 00:00:00','2020-08-28 00:00:00'),(28,63,'neque libero convallis eget eleifend luctus ultricies eu nibh quisque id justo sit amet sapien','2019-08-30 00:00:00','2021-05-15 00:00:00'),(29,23,'interdum mauris ullamcorper purus sit amet nulla quisque arcu libero rutrum ac lobortis vel dapibus at diam nam tristique','2019-08-16 00:00:00','2020-08-01 00:00:00'),(30,60,'imperdiet et commodo vulputate justo in blandit ultrices enim lorem','2020-01-31 00:00:00','2021-01-20 00:00:00'),(31,61,'semper sapien a libero nam dui proin leo odio porttitor','2020-07-11 00:00:00','2021-04-11 00:00:00'),(32,30,'consequat metus sapien ut nunc vestibulum ante ipsum primis in faucibus orci luctus et ultrices posuere cubilia','2020-03-20 00:00:00','2021-02-20 00:00:00'),(33,78,'turpis donec posuere metus vitae ipsum aliquam non mauris morbi non','2019-12-21 00:00:00','2020-08-12 00:00:00'),(34,66,'libero nullam sit amet turpis elementum ligula vehicula consequat morbi','2019-07-25 00:00:00','2020-08-23 00:00:00'),(35,25,'in magna bibendum imperdiet nullam orci pede venenatis non sodales sed tincidunt eu felis fusce','2019-07-16 00:00:00','2021-03-17 00:00:00'),(36,97,'at nulla suspendisse potenti cras in purus eu magna vulputate luctus','2020-01-31 00:00:00','2021-01-29 00:00:00'),(37,22,'a feugiat et eros vestibulum ac est lacinia nisi venenatis tristique fusce congue diam id','2020-06-13 00:00:00','2021-03-27 00:00:00'),(38,87,'felis sed interdum venenatis turpis enim blandit mi in porttitor pede justo eu massa donec dapibus duis','2019-08-03 00:00:00','2020-12-21 00:00:00'),(39,56,'tincidunt in leo maecenas pulvinar lobortis est phasellus sit amet erat nulla tempus vivamus in','2020-03-20 00:00:00','2021-05-11 00:00:00'),(40,94,'bibendum imperdiet nullam orci pede venenatis non sodales sed tincidunt eu felis','2019-12-07 00:00:00','2020-09-23 00:00:00'),(41,23,'duis at velit eu est congue elementum in hac habitasse platea dictumst morbi vestibulum velit id pretium iaculis diam','2019-07-25 00:00:00','2021-06-01 00:00:00'),(42,24,'augue vestibulum ante ipsum primis in faucibus orci luctus et ultrices posuere cubilia curae donec pharetra magna vestibulum aliquet ultrices','2020-06-17 00:00:00','2021-05-07 00:00:00'),(43,32,'tellus nisi eu orci mauris lacinia sapien quis libero nullam sit amet turpis elementum ligula vehicula consequat morbi','2020-04-15 00:00:00','2021-06-04 00:00:00'),(44,26,'nulla dapibus dolor vel est donec odio justo sollicitudin ut suscipit a feugiat et eros vestibulum ac est lacinia','2020-06-29 00:00:00','2021-01-15 00:00:00'),(45,11,'felis eu sapien cursus vestibulum proin eu mi nulla ac enim in tempor','2020-04-23 00:00:00','2021-04-16 00:00:00'),(46,66,'odio odio elementum eu interdum eu tincidunt in leo maecenas pulvinar lobortis est','2019-08-17 00:00:00','2020-08-03 00:00:00'),(47,11,'vel augue vestibulum rutrum rutrum neque aenean auctor gravida sem praesent id massa','2020-06-28 00:00:00','2021-04-03 00:00:00'),(48,100,'luctus nec molestie sed justo pellentesque viverra pede ac diam cras pellentesque volutpat dui maecenas','2019-12-30 00:00:00','2021-03-17 00:00:00'),(49,87,'ut at dolor quis odio consequat varius integer ac leo pellentesque','2019-08-18 00:00:00','2020-08-28 00:00:00'),(50,49,'tortor risus dapibus augue vel accumsan tellus nisi eu orci mauris lacinia sapien quis libero nullam sit amet','2020-01-14 00:00:00','2020-10-10 00:00:00'),(51,97,'odio justo sollicitudin ut suscipit a feugiat et eros vestibulum ac est lacinia nisi venenatis tristique fusce congue','2019-09-11 00:00:00','2020-09-29 00:00:00'),(52,10,'eget elit sodales scelerisque mauris sit amet eros suspendisse accumsan tortor quis turpis sed ante vivamus tortor duis mattis','2019-12-21 00:00:00','2020-09-09 00:00:00'),(53,37,'praesent lectus vestibulum quam sapien varius ut blandit non interdum in ante vestibulum ante ipsum primis','2020-05-28 00:00:00','2021-05-29 00:00:00'),(54,54,'lorem vitae mattis nibh ligula nec sem duis aliquam convallis nunc','2020-05-02 00:00:00','2020-12-06 00:00:00'),(55,33,'malesuada in imperdiet et commodo vulputate justo in blandit ultrices enim lorem','2019-10-28 00:00:00','2020-11-06 00:00:00'),(56,26,'accumsan felis ut at dolor quis odio consequat varius integer ac leo pellentesque','2019-10-17 00:00:00','2021-02-14 00:00:00'),(57,91,'non velit donec diam neque vestibulum eget vulputate ut ultrices vel augue vestibulum ante ipsum primis in','2020-02-16 00:00:00','2020-08-11 00:00:00'),(58,38,'accumsan tellus nisi eu orci mauris lacinia sapien quis libero nullam sit amet turpis elementum ligula','2020-04-20 00:00:00','2021-03-30 00:00:00'),(59,34,'felis fusce posuere felis sed lacus morbi sem mauris laoreet ut rhoncus aliquet','2020-03-18 00:00:00','2021-07-15 00:00:00'),(60,86,'lacus morbi quis tortor id nulla ultrices aliquet maecenas leo odio condimentum id luctus nec molestie','2020-05-11 00:00:00','2021-01-05 00:00:00'),(61,4,'tincidunt eu felis fusce posuere felis sed lacus morbi sem mauris laoreet ut','2020-06-08 00:00:00','2020-11-26 00:00:00'),(62,86,'dignissim vestibulum vestibulum ante ipsum primis in faucibus orci luctus et ultrices','2020-02-14 00:00:00','2021-04-15 00:00:00'),(63,44,'curae duis faucibus accumsan odio curabitur convallis duis consequat dui nec','2020-01-29 00:00:00','2020-11-27 00:00:00'),(64,80,'ultrices posuere cubilia curae nulla dapibus dolor vel est donec','2019-07-16 00:00:00','2020-12-15 00:00:00'),(65,65,'curae mauris viverra diam vitae quam suspendisse potenti nullam porttitor lacus at turpis donec posuere','2020-01-29 00:00:00','2021-02-21 00:00:00'),(66,85,'vivamus in felis eu sapien cursus vestibulum proin eu mi','2019-10-04 00:00:00','2021-06-02 00:00:00'),(67,95,'ipsum primis in faucibus orci luctus et ultrices posuere cubilia curae nulla dapibus dolor vel est donec odio justo sollicitudin','2019-09-06 00:00:00','2020-10-11 00:00:00'),(68,61,'praesent id massa id nisl venenatis lacinia aenean sit amet justo morbi ut','2020-04-04 00:00:00','2021-04-15 00:00:00'),(69,81,'dui luctus rutrum nulla tellus in sagittis dui vel nisl duis','2020-01-20 00:00:00','2020-10-02 00:00:00'),(70,68,'quam a odio in hac habitasse platea dictumst maecenas ut massa quis augue','2019-09-16 00:00:00','2020-12-10 00:00:00'),(71,62,'vestibulum aliquet ultrices erat tortor sollicitudin mi sit amet lobortis sapien sapien non mi','2019-11-03 00:00:00','2021-04-30 00:00:00'),(72,31,'sollicitudin ut suscipit a feugiat et eros vestibulum ac est','2020-02-26 00:00:00','2021-05-31 00:00:00'),(73,36,'nulla ultrices aliquet maecenas leo odio condimentum id luctus nec molestie sed justo pellentesque viverra pede','2019-10-11 00:00:00','2021-04-06 00:00:00'),(74,16,'mus vivamus vestibulum sagittis sapien cum sociis natoque penatibus et magnis dis parturient montes nascetur ridiculus mus etiam vel','2020-07-04 00:00:00','2021-01-31 00:00:00'),(75,72,'odio curabitur convallis duis consequat dui nec nisi volutpat eleifend donec ut dolor morbi vel lectus in quam','2020-02-17 00:00:00','2020-09-21 00:00:00'),(76,60,'nam congue risus semper porta volutpat quam pede lobortis ligula sit amet','2020-06-16 00:00:00','2021-05-03 00:00:00'),(77,3,'mi nulla ac enim in tempor turpis nec euismod scelerisque quam turpis adipiscing lorem vitae mattis nibh ligula nec','2020-01-12 00:00:00','2020-11-28 00:00:00'),(78,99,'lorem ipsum dolor sit amet consectetuer adipiscing elit proin interdum mauris non ligula pellentesque ultrices phasellus id sapien in','2019-12-08 00:00:00','2021-07-06 00:00:00'),(79,10,'nisl aenean lectus pellentesque eget nunc donec quis orci eget orci vehicula condimentum curabitur in libero ut massa volutpat convallis','2019-09-11 00:00:00','2021-06-03 00:00:00'),(80,45,'sem fusce consequat nulla nisl nunc nisl duis bibendum felis sed interdum venenatis turpis enim blandit','2020-05-17 00:00:00','2021-06-13 00:00:00'),(81,73,'suscipit nulla elit ac nulla sed vel enim sit amet nunc viverra dapibus nulla suscipit','2019-11-04 00:00:00','2020-08-07 00:00:00'),(82,40,'vehicula consequat morbi a ipsum integer a nibh in quis justo','2019-08-02 00:00:00','2020-10-29 00:00:00'),(83,5,'ultrices posuere cubilia curae donec pharetra magna vestibulum aliquet ultrices erat','2020-02-01 00:00:00','2020-08-27 00:00:00'),(84,51,'eu felis fusce posuere felis sed lacus morbi sem mauris','2019-09-24 00:00:00','2020-12-15 00:00:00'),(85,43,'dui nec nisi volutpat eleifend donec ut dolor morbi vel lectus in quam fringilla rhoncus mauris enim leo rhoncus sed','2019-09-01 00:00:00','2020-07-18 00:00:00'),(86,15,'dui luctus rutrum nulla tellus in sagittis dui vel nisl duis ac nibh fusce lacus purus aliquet at feugiat non','2020-02-05 00:00:00','2020-11-30 00:00:00'),(87,9,'tortor id nulla ultrices aliquet maecenas leo odio condimentum id','2020-05-14 00:00:00','2020-09-25 00:00:00'),(88,66,'ridiculus mus etiam vel augue vestibulum rutrum rutrum neque aenean auctor gravida sem praesent id massa','2020-02-27 00:00:00','2020-10-04 00:00:00'),(89,57,'quisque porta volutpat erat quisque erat eros viverra eget congue eget semper rutrum nulla','2020-06-15 00:00:00','2020-12-25 00:00:00'),(90,56,'ullamcorper augue a suscipit nulla elit ac nulla sed vel enim sit','2020-02-20 00:00:00','2020-10-18 00:00:00'),(91,49,'pede justo eu massa donec dapibus duis at velit eu est congue elementum in hac habitasse platea dictumst morbi vestibulum','2019-08-28 00:00:00','2020-11-02 00:00:00'),(92,66,'vehicula condimentum curabitur in libero ut massa volutpat convallis morbi odio odio elementum eu interdum eu tincidunt in','2019-12-24 00:00:00','2021-01-19 00:00:00'),(93,93,'quam sapien varius ut blandit non interdum in ante vestibulum ante','2020-06-16 00:00:00','2021-01-13 00:00:00'),(94,46,'curae nulla dapibus dolor vel est donec odio justo sollicitudin ut suscipit a feugiat et eros','2020-06-20 00:00:00','2020-12-09 00:00:00'),(95,11,'porttitor lacus at turpis donec posuere metus vitae ipsum aliquam non mauris morbi non lectus aliquam','2020-07-06 00:00:00','2020-07-27 00:00:00'),(96,51,'morbi quis tortor id nulla ultrices aliquet maecenas leo odio condimentum id luctus nec molestie sed justo pellentesque viverra pede','2019-08-10 00:00:00','2020-10-10 00:00:00'),(97,53,'faucibus orci luctus et ultrices posuere cubilia curae nulla dapibus dolor vel est','2019-11-02 00:00:00','2020-09-24 00:00:00'),(98,51,'tincidunt eget tempus vel pede morbi porttitor lorem id ligula suspendisse ornare consequat lectus in','2020-02-14 00:00:00','2020-11-27 00:00:00'),(99,46,'ligula in lacus curabitur at ipsum ac tellus semper interdum mauris ullamcorper purus sit amet nulla quisque arcu libero rutrum','2019-11-28 00:00:00','2021-01-07 00:00:00'),(100,5,'aliquet pulvinar sed nisl nunc rhoncus dui vel sem sed','2019-09-05 00:00:00','2020-08-20 00:00:00');
/*!40000 ALTER TABLE `posts` ENABLE KEYS */;
UNLOCK TABLES;

--
-- Table structure for table `posts_likes`
--

DROP TABLE IF EXISTS `posts_likes`;
/*!40101 SET @saved_cs_client     = @@character_set_client */;
/*!50503 SET character_set_client = utf8mb4 */;
CREATE TABLE `posts_likes` (
  `post_id` bigint unsigned NOT NULL,
  `user_id` bigint unsigned NOT NULL,
  `like_type` tinyint(1) DEFAULT '1',
  PRIMARY KEY (`post_id`,`user_id`),
  KEY `post_idx` (`post_id`),
  KEY `user_idx` (`user_id`),
  CONSTRAINT `posts_likes_fk` FOREIGN KEY (`post_id`) REFERENCES `posts` (`id`),
  CONSTRAINT `users_likes_fk` FOREIGN KEY (`user_id`) REFERENCES `users` (`id`)
) ENGINE=InnoDB DEFAULT CHARSET=utf8mb4 COLLATE=utf8mb4_0900_ai_ci;
/*!40101 SET character_set_client = @saved_cs_client */;

--
-- Dumping data for table `posts_likes`
--

LOCK TABLES `posts_likes` WRITE;
/*!40000 ALTER TABLE `posts_likes` DISABLE KEYS */;
INSERT INTO `posts_likes` VALUES (1,50,1),(2,69,1),(3,77,1),(4,87,1),(5,84,1),(6,7,1),(7,26,0),(8,15,1),(9,48,1),(10,26,1),(11,32,1),(12,13,1),(13,76,1),(14,12,1),(15,29,1),(16,47,1),(17,96,1),(18,45,1),(19,69,1),(20,60,1),(21,88,0),(22,65,1),(23,65,1),(24,34,1),(25,24,1),(26,60,1),(27,6,1),(28,45,1),(29,57,1),(30,5,1),(31,18,1),(32,6,1),(33,85,1),(34,54,1),(35,16,1),(36,49,1),(37,14,1),(38,83,1),(39,11,1),(40,2,1),(41,26,1),(42,2,1),(43,34,1),(44,72,1),(45,87,1),(46,50,1),(47,41,1),(48,11,1),(49,42,1),(50,42,1),(51,32,1),(52,42,1),(53,49,1),(54,1,1),(55,99,1),(56,74,1),(57,92,1),(58,78,1),(59,23,1),(60,5,1),(61,40,1),(62,38,1),(63,55,1),(64,27,1),(65,51,1),(66,47,1),(67,54,1),(68,4,0),(69,75,1),(70,73,1),(71,20,1),(72,2,1),(73,84,1),(74,93,1),(75,37,1),(76,11,1),(77,94,1),(78,95,0),(79,16,1),(80,62,1),(81,21,1),(82,73,1),(83,68,1),(84,55,1),(85,3,1),(86,100,1),(87,62,1),(88,3,1),(89,12,1),(90,48,1),(91,17,1),(92,64,1),(93,2,1),(94,17,1),(95,51,1),(96,65,1),(97,90,1),(98,32,1),(99,46,1),(100,68,1);
/*!40000 ALTER TABLE `posts_likes` ENABLE KEYS */;
UNLOCK TABLES;

--
-- Table structure for table `profiles`
--

DROP TABLE IF EXISTS `profiles`;
/*!40101 SET @saved_cs_client     = @@character_set_client */;
/*!50503 SET character_set_client = utf8mb4 */;
CREATE TABLE `profiles` (
  `user_id` bigint unsigned NOT NULL,
  `gender` enum('f','m','x') NOT NULL,
  `birthday` date NOT NULL,
  `photo_id` bigint unsigned DEFAULT NULL,
  `user_status` varchar(30) DEFAULT NULL,
  `city` varchar(130) DEFAULT NULL,
  `country` varchar(130) DEFAULT NULL,
  PRIMARY KEY (`user_id`),
  KEY `fk_profiles_media` (`photo_id`),
  CONSTRAINT `fk_profiles_media` FOREIGN KEY (`photo_id`) REFERENCES `media` (`id`),
  CONSTRAINT `profiles_ibfk_1` FOREIGN KEY (`user_id`) REFERENCES `users` (`id`) ON DELETE CASCADE ON UPDATE CASCADE
) ENGINE=InnoDB DEFAULT CHARSET=utf8mb4 COLLATE=utf8mb4_0900_ai_ci;
/*!40101 SET character_set_client = @saved_cs_client */;

--
-- Dumping data for table `profiles`
--

LOCK TABLES `profiles` WRITE;
/*!40000 ALTER TABLE `profiles` DISABLE KEYS */;
INSERT INTO `profiles` VALUES (1,'m','2005-01-26',56,'heuristic','Santiago','Philippines'),(2,'m','2006-10-08',55,'Reduced','Krasnyy Kholm','Russia'),(3,'f','2004-12-29',87,'asymmetric','Pampachiri','Peru'),(4,'m','2007-08-19',93,'context-sensitive','Zhenqian','China'),(5,'f','1996-11-07',50,'Digitized','Cipinang','Indonesia'),(6,'f','2005-04-19',74,'24/7','Faro','Portugal'),(7,'m','1996-05-01',2,'methodical','Kansas City','United States'),(8,'f','1994-10-11',59,'Polarised','Néa Éfesos','Greece'),(9,'m','2010-05-25',58,'process improvement','Pecna','Poland'),(10,'m','2004-01-02',67,'Front-line','At-Bashi','Kyrgyzstan'),(11,'m','1994-02-20',6,'encryption','Namboongan','Philippines'),(12,'m','1992-01-16',25,'open system','Qadsīyā','Syria'),(13,'f','2008-01-19',66,'explicit','Sviblovo','Russia'),(14,'m','1994-10-22',31,'Horizontal','Uścimów Stary','Poland'),(15,'f','1992-01-29',34,'transitional','Kongjiafang','China'),(16,'m','1992-05-19',26,'Upgradable','Yashan','China'),(17,'f','1991-12-18',33,'Vision-oriented','Sutysky','Ukraine'),(18,'m','1992-12-10',35,'Profound','Moya','Comoros'),(19,'f','1995-06-09',81,'radical','Shkodër','Albania'),(20,'m','1993-03-28',74,'Polarised','Cuiabá','Brazil'),(21,'m','1990-08-29',91,'optimal','Wujiashan','China'),(22,'m','1993-01-16',80,'matrix','Itumbiara','Brazil'),(23,'f','2008-06-02',71,'process improvement','Hearst','Canada'),(24,'f','1998-01-19',92,'5th generation','Xiaoyan','China'),(25,'m','2005-08-06',65,'Decentralized','Lixu','China'),(26,'m','2009-06-10',24,'local','Beijie','China'),(27,'m','1995-10-06',51,'Object-based','Yangiqo‘rg‘on','Uzbekistan'),(28,'m','2007-12-17',20,'neutral','Paris 08','France'),(29,'m','1992-12-21',51,'asynchronous','El Puente','Honduras'),(30,'m','1993-01-09',93,'stable','Bamban','Philippines'),(31,'f','1996-05-23',89,'forecast','Orerokpe','Nigeria'),(32,'m','2007-11-30',62,'Digitized','Sumoto','Japan'),(33,'f','2009-03-25',44,'Persevering','Cartagena','Colombia'),(34,'f','1997-04-18',69,'optimal','Chernyshkovskiy','Russia'),(35,'m','2003-10-02',61,'Proactive','Dalang','China'),(36,'f','1995-07-24',29,'Realigned','Gul’cha','Kyrgyzstan'),(37,'m','1998-10-26',65,'4th generation','Ierápetra','Greece'),(38,'f','2007-05-19',13,'archive','Gonça','Portugal'),(39,'f','2009-11-21',75,'Graphical User Interface','Przeworsk','Poland'),(40,'m','1991-02-14',62,'Right-sized','Andoany','Madagascar'),(41,'m','2009-04-01',5,'throughput','Encañada','Peru'),(42,'m','1994-03-08',67,'Proactive','Kungsör','Sweden'),(43,'m','2003-07-17',79,'Self-enabling','Ángeles','Costa Rica'),(44,'m','2005-10-22',50,'User-friendly','Toulouse','France'),(45,'m','2009-03-31',12,'contextually-based','Huanglong','China'),(46,'m','2002-04-03',38,'responsive','Qingfa','China'),(47,'m','1993-07-18',18,'attitude','Águas de Lindóia','Brazil'),(48,'m','1990-11-27',75,'incremental','Santai','China'),(49,'m','2002-11-06',75,'time-frame','Goodlands','Mauritius'),(50,'m','1995-09-24',29,'superstructure','Novobiryusinskiy','Russia'),(51,'m','1991-08-10',25,'Profit-focused','Adiwerna','Indonesia'),(52,'m','1998-11-26',78,'website','Kunčina','Czech Republic'),(53,'m','1997-08-24',18,'intermediate','Courbevoie','France'),(54,'m','1997-01-29',78,'dynamic','Xinji','China'),(55,'m','1991-12-20',4,'zero tolerance','Bagamoyo','Tanzania'),(56,'f','1993-08-26',65,'Mandatory','Kladno','Czech Republic'),(57,'f','1990-08-22',77,'asymmetric','Shuitianzhuang','China'),(58,'m','1996-09-11',10,'user-facing','Kotakan Selatan','Indonesia'),(59,'f','2000-12-08',23,'responsive','Nogueira do Cravo','Portugal'),(60,'f','2001-04-02',20,'firmware','Rocky Mountain House','Canada'),(61,'f','2007-09-22',80,'eco-centric','Tianya','China'),(62,'f','2003-12-19',80,'Ameliorated','Itaitinga','Brazil'),(63,'f','2007-03-13',77,'User-friendly','Wenshang','China'),(64,'f','2003-06-14',97,'implementation','Esquina','Argentina'),(65,'f','2001-09-16',93,'discrete','Aţ Ţafīlah','Jordan'),(66,'f','2005-11-30',100,'array','Västerås','Sweden'),(67,'m','2004-06-09',35,'concept','Corredoura','Portugal'),(68,'m','2010-07-06',90,'Face to face','Yallahs','Jamaica'),(69,'f','1991-03-15',75,'non-volatile','Vänersborg','Sweden'),(70,'m','1996-01-13',72,'zero administration','Pingding','China'),(71,'m','1999-10-20',89,'Operative','Yurla','Russia'),(72,'m','2001-09-13',9,'core','Halmstad','Sweden'),(73,'f','1996-05-11',5,'Cloned','Xin’an','China'),(74,'m','2009-10-25',15,'Graphic Interface','Vincennes','France'),(75,'f','1993-07-19',86,'Cross-platform','La Tigra','Argentina'),(76,'f','2010-04-12',12,'Multi-lateral','Ozamiz City','Philippines'),(77,'m','1993-11-12',25,'Business-focused','Gebre Guracha','Ethiopia'),(78,'m','1991-02-17',82,'systematic','Jaša Tomić','Serbia'),(79,'f','1995-05-08',43,'migration','Ouégoa','New Caledonia'),(80,'f','1998-04-27',19,'Ameliorated','Barishāl','Pakistan'),(81,'f','2001-10-30',96,'eco-centric','Kumai','Indonesia'),(82,'m','1999-08-21',8,'Graphical User Interface','Quinjalca','Peru'),(83,'m','1991-09-28',37,'Ergonomic','Debrecen','Hungary'),(84,'m','2008-08-12',89,'real-time','Port-Gentil','Gabon'),(85,'f','1996-02-15',88,'intranet','Sinamaica','Venezuela'),(86,'m','1999-09-20',89,'groupware','San Agustin','Mexico'),(87,'m','1996-02-22',38,'holistic','Fort Worth','United States'),(88,'f','2005-11-10',53,'Fundamental','Ishii','Japan'),(89,'m','2002-10-28',37,'Stand-alone','Wintzenheim','France'),(90,'f','2004-11-11',5,'website','Smimou','Morocco'),(91,'m','2000-12-06',77,'Monitored','Tabalong','Philippines'),(92,'f','2001-03-27',85,'knowledge user','Karanganyar','Indonesia'),(93,'m','2003-10-25',14,'Balanced','Nanmu','China'),(94,'f','2006-08-13',49,'Virtual','Ribeira do Pombal','Brazil'),(95,'m','1991-09-30',96,'concept','Guanli','China'),(96,'m','2000-06-16',59,'Balanced','Saynshand','Mongolia'),(97,'f','1994-02-04',10,'strategy','Huddinge','Sweden'),(98,'f','1992-07-26',90,'success','Pasanggrahan','Indonesia'),(99,'m','1996-05-28',97,'Vision-oriented','Mūsa Khel Bāzār','Pakistan'),(100,'m','2009-08-08',53,'discrete','Dushanbe','Tajikistan');
/*!40000 ALTER TABLE `profiles` ENABLE KEYS */;
UNLOCK TABLES;

--
-- Table structure for table `users`
--

DROP TABLE IF EXISTS `users`;
/*!40101 SET @saved_cs_client     = @@character_set_client */;
/*!50503 SET character_set_client = utf8mb4 */;
CREATE TABLE `users` (
  `id` bigint unsigned NOT NULL AUTO_INCREMENT,
  `first_name` varchar(145) NOT NULL,
  `last_name` varchar(145) NOT NULL,
  `email` varchar(145) NOT NULL,
  `phone` char(11) NOT NULL,
  `password_hash` char(65) DEFAULT NULL,
  `created_at` datetime NOT NULL DEFAULT CURRENT_TIMESTAMP,
  PRIMARY KEY (`id`),
  UNIQUE KEY `email` (`email`),
  UNIQUE KEY `phone` (`phone`),
  KEY `phone_2` (`phone`),
  KEY `email_2` (`email`),
  CONSTRAINT `phone_check` CHECK (regexp_like(`phone`,_utf8mb4'^[0-9]{11}$'))
) ENGINE=InnoDB AUTO_INCREMENT=101 DEFAULT CHARSET=utf8mb4 COLLATE=utf8mb4_0900_ai_ci;
/*!40101 SET character_set_client = @saved_cs_client */;

--
-- Dumping data for table `users`
--

LOCK TABLES `users` WRITE;
/*!40000 ALTER TABLE `users` DISABLE KEYS */;
INSERT INTO `users` VALUES (1,'Madelena','Grelka','mgrelka0@digg.com','89153349466','DyE8yQ9sR','2017-03-08 00:00:00'),(2,'Lorry','Lilleycrop','llilleycrop1@elegantthemes.com','88251799252','ylIejTLpz','2016-12-13 00:00:00'),(3,'Hildy','Rabjohn','hrabjohn2@ted.com','84748683493','71n0aDfhq7','2016-10-02 00:00:00'),(4,'Damon','Farrant','dfarrant3@washingtonpost.com','87715551479','JUAxA6WXVa','2016-12-17 00:00:00'),(5,'Marijn','Piddlehinton','mpiddlehinton4@mlb.com','88696360796','d6pGoi','2017-04-15 00:00:00'),(6,'Dickie','Skilling','dskilling5@merriam-webster.com','84879842613','F3fknjI','2016-11-28 00:00:00'),(7,'Jayson','Catherine','jcatherine6@msu.edu','85447826131','jCbEeQJKvIC','2017-05-14 00:00:00'),(8,'Maurice','Ranald','mranald7@noaa.gov','85056368471','b5Q1kLdT9W7N','2016-11-15 00:00:00'),(9,'Estele','Grimstead','egrimstead8@sbwire.com','89286437132','oCCSHUn','2017-04-13 00:00:00'),(10,'Roxi','Caplin','rcaplin9@paginegialle.it','83123894538','8kCQKUlhxbmm','2017-04-04 00:00:00'),(11,'Yulma','Franklyn','yfranklyna@joomla.org','85332763237','P3lNzcW3z','2017-03-05 00:00:00'),(12,'Gary','MacGraith','gmacgraithb@yandex.ru','83178572837','mG4m6oN','2016-08-18 00:00:00'),(13,'Caressa','Ciottoi','cciottoic@theglobeandmail.com','85021318565','H46081Xp9E','2017-05-25 00:00:00'),(14,'Gerard','Smitheram','gsmitheramd@chicagotribune.com','89533027773','6CCkWhFCqcd2','2016-11-22 00:00:00'),(15,'Wynn','Elders','welderse@house.gov','88224767852','v93T7plY','2017-06-14 00:00:00'),(16,'Zed','Aikin','zaikinf@hexun.com','84177226388','d87AQsq','2017-01-06 00:00:00'),(17,'Jobyna','Wallege','jwallegeg@uol.com.br','88752286487','MWRuPe5','2017-06-24 00:00:00'),(18,'Gottfried','De Few','gdefewh@dyndns.org','89276603012','8wOUR2v2j','2017-03-18 00:00:00'),(19,'Griffy','Manilove','gmanilovei@utexas.edu','89942591476','8YPRFVj','2016-12-30 00:00:00'),(20,'Tamera','Spurdens','tspurdensj@weebly.com','83418970498','NqdWbug','2017-06-23 00:00:00'),(21,'Sascha','Orth','sorthk@jimdo.com','89386334590','oS6Kmsc','2017-05-19 00:00:00'),(22,'Liuka','de Broke','ldebrokel@hp.com','89522282239','jHQYPS1J0g','2016-07-15 00:00:00'),(23,'Emlyn','Prendergrast','eprendergrastm@google.nl','81709837433','EIF0Oib1sCh','2016-08-27 00:00:00'),(24,'Caroljean','Gore','cgoren@yale.edu','84579542152','C1ud4eO','2016-09-17 00:00:00'),(25,'Susana','Jessopp','sjessoppo@nytimes.com','84992497159','J3VzhfRHJ','2017-01-26 00:00:00'),(26,'Sacha','Casino','scasinop@imageshack.us','81263451974','5OEYxni','2016-12-16 00:00:00'),(27,'Catharine','Iacobacci','ciacobacciq@php.net','89863177355','qKeuLOATo','2017-03-13 00:00:00'),(28,'Renaud','Guiso','rguisor@github.io','86393168442','QQC1Jv','2017-05-14 00:00:00'),(29,'Lonni','Dobbson','ldobbsons@over-blog.com','88404686207','vtTFk2j4','2016-09-07 00:00:00'),(30,'Ewan','Haye','ehayet@google.pl','87181244103','xacKuTry','2016-08-27 00:00:00'),(31,'Phelia','Mulvey','pmulveyu@1688.com','88144844584','Fkoj1nmjk','2016-09-04 00:00:00'),(32,'Gerta','Hodinton','ghodintonv@sciencedaily.com','82113910663','gpqFF5Aq','2016-08-03 00:00:00'),(33,'Herc','Malins','hmalinsw@feedburner.com','81283466562','Pngmz0','2016-10-01 00:00:00'),(34,'Floyd','Braker','fbrakerx@nsw.gov.au','89832646187','AAtiUtWeVylm','2016-11-18 00:00:00'),(35,'Evelyn','Whitham','ewhithamy@blogs.com','83553472795','7efqT5rz6ot','2016-11-09 00:00:00'),(36,'Marcel','McIlreavy','mmcilreavyz@senate.gov','83585280027','5acFVZsd6','2017-06-16 00:00:00'),(37,'Corey','Pavlishchev','cpavlishchev10@nymag.com','82649540712','G5aMzSo1xgej','2016-08-16 00:00:00'),(38,'Jenilee','Quinney','jquinney11@theatlantic.com','85737184959','0ICbqKk','2016-08-18 00:00:00'),(39,'Janella','Suscens','jsuscens12@springer.com','88417791188','jbGpKz','2016-11-27 00:00:00'),(40,'Robinette','Tant','rtant13@technorati.com','83678944124','tTSYUNAudZLw','2017-04-24 00:00:00'),(41,'Ange','Beaver','abeaver14@ucoz.ru','81946656784','0uJiqHBfN04I','2016-12-14 00:00:00'),(42,'Berke','Gregon','bgregon15@ox.ac.uk','86074787783','neLCaXV','2017-05-17 00:00:00'),(43,'Clayborne','Chevalier','cchevalier16@webmd.com','82161468896','3u3Lh0PNekBo','2016-11-07 00:00:00'),(44,'Allyce','Askew','aaskew17@google.com.br','84954631585','oIXTwE','2016-07-25 00:00:00'),(45,'Eliza','Robjant','erobjant18@qq.com','84841578433','yNNpGkeddsSh','2016-08-06 00:00:00'),(46,'Julina','Dowears','jdowears19@hostgator.com','81538796704','4CQFR2bG','2016-12-31 00:00:00'),(47,'Pam','Connett','pconnett1a@marketwatch.com','82578398737','kBc8HDWqJQ','2016-08-02 00:00:00'),(48,'Wain','Boise','wboise1b@state.gov','87695196490','lEMnKsRsrH6','2016-07-18 00:00:00'),(49,'Coretta','Dwelly','cdwelly1c@google.es','86998618854','fPbvw1ytq','2016-11-24 00:00:00'),(50,'Duffie','Mitchell','dmitchell1d@ted.com','81381724167','qgOExkTr','2017-01-27 00:00:00'),(51,'Mellisa','Hamon','mhamon1e@webmd.com','87316813335','cO1vNP','2017-04-12 00:00:00'),(52,'Giulia','Greatham','ggreatham1f@privacy.gov.au','87565210844','AHPXUIJGa1SO','2017-04-18 00:00:00'),(53,'Nealy','Kemsley','nkemsley1g@linkedin.com','86889603708','Pct2Snf','2017-03-13 00:00:00'),(54,'Oriana','Syddall','osyddall1h@google.com.hk','87842640093','rgot5F','2016-08-06 00:00:00'),(55,'Clementina','Hounihan','chounihan1i@amazon.de','84014280215','ctqgDvf7V','2017-06-26 00:00:00'),(56,'Brett','Anshell','banshell1j@list-manage.com','87845172032','siTRfUiEGkzA','2017-02-06 00:00:00'),(57,'Tara','Tinmouth','ttinmouth1k@dion.ne.jp','81685729562','iPZbEsuXyJ','2016-09-09 00:00:00'),(58,'Shirleen','Pendock','spendock1l@woothemes.com','89653045860','JB8ii49AF','2017-04-04 00:00:00'),(59,'Guenevere','Huitson','ghuitson1m@bravesites.com','83644051037','Tgqzx3Q3','2016-08-14 00:00:00'),(60,'Malcolm','Boucher','mboucher1n@google.com.br','85727455954','ESTdF4mPBqo','2016-10-01 00:00:00'),(61,'Dorey','Duddan','dduddan1o@google.nl','81324627956','XwgO63v','2017-03-04 00:00:00'),(62,'Mateo','Wilshin','mwilshin1p@fastcompany.com','87312118090','zVs0wQAop','2017-01-31 00:00:00'),(63,'Mendel','Mancktelow','mmancktelow1q@nih.gov','82855477111','NESxrpe','2017-02-23 00:00:00'),(64,'Sydel','Pifford','spifford1r@npr.org','86776050721','d38aWVwM','2017-04-19 00:00:00'),(65,'Jasun','Karmel','jkarmel1s@nifty.com','86518110280','88gsK7','2016-12-15 00:00:00'),(66,'Manya','Deverick','mdeverick1t@icq.com','85951937588','JupkKEcRwYgs','2016-09-28 00:00:00'),(67,'Fern','Ekins','fekins1u@phpbb.com','85983648193','2lqLB30Nnk','2017-02-13 00:00:00'),(68,'Patin','Jenteau','pjenteau1v@dagondesign.com','84874914898','jJPhf1h0m0VR','2017-01-24 00:00:00'),(69,'Selestina','Engelmann','sengelmann1w@macromedia.com','82912879949','umpejJ08tgf','2016-09-02 00:00:00'),(70,'Joli','Boxill','jboxill1x@storify.com','88925564131','aCo04ZbAu','2016-08-28 00:00:00'),(71,'Cleon','Prozescky','cprozescky1y@paypal.com','86187654426','pF4FkpD5','2017-03-26 00:00:00'),(72,'Jessey','Berthod','jberthod1z@a8.net','86335232280','D0eRIeSPva','2017-07-14 00:00:00'),(73,'Dolli','McGragh','dmcgragh20@wufoo.com','82649340031','7rDwccF','2016-12-16 00:00:00'),(74,'Raquel','Egginson','regginson21@comcast.net','87376024641','shfBSDowJ','2017-05-29 00:00:00'),(75,'Harrie','Robiot','hrobiot22@infoseek.co.jp','82477038106','xLj8aFPcXQB7','2016-10-11 00:00:00'),(76,'Udale','Jime','ujime23@51.la','82563216145','U2aj8kqGsV','2016-08-31 00:00:00'),(77,'Emerson','Davydoch','edavydoch24@dagondesign.com','89981872529','6fL9bw','2016-12-23 00:00:00'),(78,'Di','Cornall','dcornall25@slate.com','82347552630','QRdxZXZ7Vio','2017-01-13 00:00:00'),(79,'Janith','Veasey','jveasey26@mlb.com','89787977854','TbThifwRNKrW','2017-02-20 00:00:00'),(80,'Cordelie','Patrie','cpatrie27@amazon.com','82865680677','mu8TIBp','2016-11-26 00:00:00'),(81,'Lucita','Leverage','lleverage28@imgur.com','82221203309','n6cRhKykLC8o','2017-05-26 00:00:00'),(82,'Kathrine','Barribal','kbarribal29@prlog.org','88288612782','Wvu7eC9twgF','2017-05-17 00:00:00'),(83,'Mireielle','Trinder','mtrinder2a@army.mil','84932345503','j3TDM7l1QK','2017-03-14 00:00:00'),(84,'Jeanna','Louca','jlouca2b@bloglovin.com','89673038677','fas9Jr','2016-07-15 00:00:00'),(85,'Ilse','Scholfield','ischolfield2c@artisteer.com','86525219407','CdApG9ssGv5','2017-06-03 00:00:00'),(86,'Tawnya','Finn','tfinn2d@hhs.gov','88915238379','8cQzXzl9','2016-11-21 00:00:00'),(87,'Charmion','Gumbrell','cgumbrell2e@amazon.de','89989985396','d3XoUc','2017-06-07 00:00:00'),(88,'Marge','Amburgy','mamburgy2f@state.tx.us','82191554581','4ewUSV','2017-01-25 00:00:00'),(89,'Keenan','Yapp','kyapp2g@fc2.com','88627043976','yU17BL0rv','2017-07-08 00:00:00'),(90,'Dara','Godfray','dgodfray2h@ca.gov','89564681282','aD8Tkn2','2017-04-01 00:00:00'),(91,'Bertrando','Lapley','blapley2i@csmonitor.com','84955939106','XZc6k7aua','2016-08-08 00:00:00'),(92,'Gilli','Walls','gwalls2j@state.tx.us','84792626154','RoL6aKIPXtQ','2016-09-04 00:00:00'),(93,'Ariella','Give','agive2k@smh.com.au','85859953121','lgmrbzquSYC','2017-07-06 00:00:00'),(94,'Christen','De Vuyst','cdevuyst2l@w3.org','88823503897','eiO2hajg4H','2016-10-17 00:00:00'),(95,'Hallsy','Dresche','hdresche2m@bigcartel.com','83623697529','zWSDLycgA','2016-11-28 00:00:00'),(96,'Barbee','Jerdan','bjerdan2n@state.gov','87198599668','HZm2CJ','2016-09-06 00:00:00'),(97,'Allsun','Baldassi','abaldassi2o@soundcloud.com','87498845147','rjTYmQCM','2017-05-23 00:00:00'),(98,'Irving','Cristofolo','icristofolo2p@ftc.gov','86945958096','j4G8a6dOx','2017-07-10 00:00:00'),(99,'Doralynn','Fontes','dfontes2q@cloudflare.com','83049411604','L0t68MOL','2016-10-01 00:00:00'),(100,'Bail','Grewar','bgrewar2r@google.pl','83874316823','lUkZMF','2016-07-30 00:00:00');
/*!40000 ALTER TABLE `users` ENABLE KEYS */;
UNLOCK TABLES;
/*!40103 SET TIME_ZONE=@OLD_TIME_ZONE */;

/*!40101 SET SQL_MODE=@OLD_SQL_MODE */;
/*!40014 SET FOREIGN_KEY_CHECKS=@OLD_FOREIGN_KEY_CHECKS */;
/*!40014 SET UNIQUE_CHECKS=@OLD_UNIQUE_CHECKS */;
/*!40101 SET CHARACTER_SET_CLIENT=@OLD_CHARACTER_SET_CLIENT */;
/*!40101 SET CHARACTER_SET_RESULTS=@OLD_CHARACTER_SET_RESULTS */;
/*!40101 SET COLLATION_CONNECTION=@OLD_COLLATION_CONNECTION */;
/*!40111 SET SQL_NOTES=@OLD_SQL_NOTES */;

-- Dump completed on 2021-07-16 12:01:38
